name,Language,Status,iso,name,type
Brunei,Brunei Malay,regional,BN,Brunei,Bornean
Malaysia,Brunei Malay,minority,MY,Malaysia,Bornean
Malaysia,Coastal Kadazan,minority,MY,Malaysia,Bornean
Malaysia,Iban,regional,MY,Malaysia,Bornean
Brunei,Iban,minority,BN,Brunei,Bornean
Indonesia,Iban,minority,ID,Indonesia,Bornean
Comoros,Malagasy,minority,KM,Comoros,Bornean
Madagascar,Malagasy,official,MG,Madagascar,Bornean
Mayotte,Malagasy,minority,YT,Mayotte,Bornean
Angola,Min,minority,AO,Angola,Min
Cape Verde,Min,minority,CV,Cape Verde,Min
Mauritius,Min,minority,MU,Mauritius,Min
South Africa,Min,minority,ZA,South Africa,Min
Brunei,Min,minority,BN,Brunei,Min
Cambodia,Min,minority,KH,Cambodia,Min
China,Min,regional,CN,China,Min
Hong Kong,Min,minority,HK,Hong Kong,Min
Indonesia,Min,minority,ID,Indonesia,Min
Japan,Min,minority,JP,Japan,Min
Laos,Min,minority,LA,Laos,Min
Macau,Min,minority,MO,Macau,Min
Malaysia,Min,"minority, lingua franca in Penang",MY,Malaysia,Min
Burma,Min,minority,MM,Burma,Min
North Korea,Min,minority,KP,North Korea,Min
Philippines,Min,minority,PH,Philippines,Min
Singapore,Min,minority,SG,Singapore,Min
South Korea,Min,minority,KR,South Korea,Min
Taiwan,Min,"widely spoken, lingua franca alongside with Mandarin, see Taiwanese Minnan",TW,Taiwan,Min
Thailand,Min,minority,TH,Thailand,Min
Vietnam,Min,minority,VN,Vietnam,Min
Bulgaria,Min,minority,BG,Bulgaria,Min
France,Min,minority,FR,France,Min
Germany,Min,minority,DE,Germany,Min
Ireland,Min,minority,IE,Ireland,Min
Italy,Min,minority,IT,Italy,Min
Netherlands,Min,minority,NL,Netherlands,Min
Romania,Min,minority,RO,Romania,Min
Russia,Min,minority,RU,Russia,Min
Serbia,Min,minority,RS,Serbia,Min
Spain,Min,minority,ES,Spain,Min
United Kingdom,Min,minority,GB,United Kingdom,Min
Canada,Min,minority,CA,Canada,Min
Cuba,Min,minority,CU,Cuba,Min
Dominican Republic,Min,minority,DO,Dominican Republic,Min
Jamaica,Min,minority,JM,Jamaica,Min
Mexico,Min,minority,MX,Mexico,Min
Nicaragua,Min,minority,NI,Nicaragua,Min
Panama,Min,minority,PA,Panama,Min
Trinidad and Tobago,Min,minority,TT,Trinidad and Tobago,Min
United States,Min,minority,US,United States,Min
Australia,Min,minority,AU,Australia,Min
Fiji,Min,minority,FJ,Fiji,Min
New Zealand,Min,minority,NZ,New Zealand,Min
Samoa,Min,minority,WS,Samoa,Min
Tonga,Min,minority,TO,Tonga,Min
Argentina,Min,minority,AR,Argentina,Min
Brazil,Min,minority,BR,Brazil,Min
Chile,Min,regional,CL,Chile,Min
Guyana,Min,minority,GY,Guyana,Min
Peru,Min,minority,PE,Peru,Min
Suriname,Min,minority,SR,Suriname,Min
Vietnam,Bahnar[20],"minority, 227,716 p. in south Vietnam (2009)",VN,Vietnam,Cherokee
Laos,Bru[21],"minority, 69,000 p. in south Laos.",LA,Laos,Cherokee
Vietnam,Bru[21],"minority, 74,500 p. in central Vietnam (2009)",VN,Vietnam,Cherokee
Thailand,Bru[21],minority,TH,Thailand,Cherokee
India,Khasi,official language in Meghalaya,IN,India,Cherokee
Cambodia,Khmer[22],official,KH,Cambodia,Cherokee
Vietnam,Khmer[22],"minority, 1.26 mi. p. in south Vietnam",VN,Vietnam,Cherokee
Thailand,Khmer[22],minority,TH,Thailand,Cherokee
Laos,Khmu[21],"minority, 621,000 p.",LA,Laos,Cherokee
Vietnam,Khmu[21],"minority, 73,000 p.",VN,Vietnam,Cherokee
Thailand,Khmu[21],"minority, 10,000 p.",TH,Thailand,Cherokee
China,Khmu[21],minority,CN,China,Cherokee
Thailand,Kuy[23],minority,TH,Thailand,Cherokee
Cambodia,Kuy[23],minority,KH,Cambodia,Cherokee
Laos,Kuy[23],minority,LA,Laos,Cherokee
Vietnam,Mnong[20],minority,VN,Vietnam,Cherokee
Cambodia,Mnong[20],minority,KH,Cambodia,Cherokee
Burma,Mon,Recognised regional language,MM,Burma,Cherokee
Thailand,Mon,minority,TH,Thailand,Cherokee
Vietnam,Muong[20],"minority, spoken by 1.6 mi. Muong peoples in north Vietnam",VN,Vietnam,Cherokee
Vietnam,Vietnamese,official,VN,Vietnam,Cherokee
Czech Republic,Vietnamese,minority[24],CZ,Czech Republic,Cherokee
United States,Vietnamese,minority[3],US,United States,Cherokee
Australia,Vietnamese,"minority, 0.21 mi.p.[25]",AU,Australia,Cherokee
Cambodia,Vietnamese,"minority, 0.6 mi.p.[26]",KH,Cambodia,Cherokee
Canada,Vietnamese,"minority, 0.22 mi.p.",CA,Canada,Cherokee
France,Vietnamese,"minority, 0.3 mi.p.",FR,France,Cherokee
Laos,Vietnamese,"minority, 0.1 mi.p.",LA,Laos,Cherokee
Burma,Wa[27],"minority, 0.9 mi. peoples in Shan state",MM,Burma,Cherokee
China,Wa[27],"minority, 0.4 mi. peoples in China's Yunnan Province.",CN,China,Cherokee
France,Breton,"minority language in  Brittany, but unofficial",FR,France,Celtic
United Kingdom,Cornish,"minority language in  Cornwall, but unofficial",GB,United Kingdom,Celtic
Ireland,Irish,co-official with English,IE,Ireland,Celtic
United Kingdom,Irish,minority and official in Northern Ireland,GB,United Kingdom,Celtic
United States,Irish,minority,US,United States,Celtic
Isle of Man,Manx,minority,IM,Isle of Man,Celtic
Canada,Scottish Gaelic,minority in  Nova Scotia,CA,Canada,Celtic
United Kingdom,Scottish Gaelic,significant minority in  Scotland,GB,United Kingdom,Celtic
United States,Scottish Gaelic,minority,US,United States,Celtic
Argentina,Welsh,significant minority in  Chubut,AR,Argentina,Celtic
United Kingdom,Welsh,spoken by approximately 20% of the population in Wales[1] and co-official with English,GB,United Kingdom,Celtic
United States,Welsh,minority,US,United States,Celtic
Fiji,Fijian,official,FJ,Fiji,East Fijian
Angola,Mandarin,minority,AO,Angola,Mandarin
Cape Verde,Mandarin,minority,CV,Cape Verde,Mandarin
Mauritius,Mandarin,minority,MU,Mauritius,Mandarin
South Africa,Mandarin,minority,ZA,South Africa,Mandarin
Brunei,Mandarin,minority,BN,Brunei,Mandarin
Cambodia,Mandarin,minority,KH,Cambodia,Mandarin
China,Mandarin,national,CN,China,Mandarin
Hong Kong,Mandarin,co-official with English and Cantonese,HK,Hong Kong,Mandarin
Indonesia,Mandarin,minority,ID,Indonesia,Mandarin
Japan,Mandarin,minority,JP,Japan,Mandarin
Laos,Mandarin,minority,LA,Laos,Mandarin
Macau,Mandarin,co-official with Portuguese and Cantonese,MO,Macau,Mandarin
Malaysia,Mandarin,minority,MY,Malaysia,Mandarin
Burma,Mandarin,minority,MM,Burma,Mandarin
North Korea,Mandarin,minority,KP,North Korea,Mandarin
Philippines,Mandarin,minority,PH,Philippines,Mandarin
Singapore,Mandarin,"co-official with Tamil, English, and Malay",SG,Singapore,Mandarin
South Korea,Mandarin,minority,KR,South Korea,Mandarin
Taiwan,Mandarin,official,TW,Taiwan,Mandarin
Thailand,Mandarin,minority,TH,Thailand,Mandarin
Vietnam,Mandarin,minority,VN,Vietnam,Mandarin
Bulgaria,Mandarin,minority,BG,Bulgaria,Mandarin
France,Mandarin,minority,FR,France,Mandarin
Germany,Mandarin,minority,DE,Germany,Mandarin
Ireland,Mandarin,minority,IE,Ireland,Mandarin
Italy,Mandarin,minority,IT,Italy,Mandarin
Netherlands,Mandarin,minority,NL,Netherlands,Mandarin
Romania,Mandarin,minority,RO,Romania,Mandarin
Russia,Mandarin,minority,RU,Russia,Mandarin
Serbia,Mandarin,minority,RS,Serbia,Mandarin
Spain,Mandarin,minority,ES,Spain,Mandarin
United Kingdom,Mandarin,minority,GB,United Kingdom,Mandarin
Canada,Mandarin,minority,CA,Canada,Mandarin
Cuba,Mandarin,minority,CU,Cuba,Mandarin
Dominican Republic,Mandarin,minority,DO,Dominican Republic,Mandarin
Jamaica,Mandarin,minority,JM,Jamaica,Mandarin
Mexico,Mandarin,minority,MX,Mexico,Mandarin
Nicaragua,Mandarin,minority,NI,Nicaragua,Mandarin
Panama,Mandarin,minority,PA,Panama,Mandarin
Trinidad and Tobago,Mandarin,minority,TT,Trinidad and Tobago,Mandarin
United States,Mandarin,minority[3],US,United States,Mandarin
Australia,Mandarin,minority,AU,Australia,Mandarin
Fiji,Mandarin,minority,FJ,Fiji,Mandarin
New Zealand,Mandarin,minority,NZ,New Zealand,Mandarin
Samoa,Mandarin,minority,WS,Samoa,Mandarin
Tonga,Mandarin,minority,TO,Tonga,Mandarin
Argentina,Mandarin,minority,AR,Argentina,Mandarin
Brazil,Mandarin,minority,BR,Brazil,Mandarin
Chile,Mandarin,regional,CL,Chile,Mandarin
Guyana,Mandarin,minority,GY,Guyana,Mandarin
Peru,Mandarin,minority,PE,Peru,Mandarin
Suriname,Mandarin,minority,SR,Suriname,Mandarin
Andorra,Italic,"spoken, not official",AD,Andorra,Italic
Belgium,Italic,co-official with Dutch,BE,Belgium,Italic
France,Italic,official,FR,France,Italic
Italy,Italic,co-official in the  Aosta Valley,IT,Italy,Italic
Luxembourg,Italic,co-official with Luxembourgish,LU,Luxembourg,Italic
Monaco,Italic,official,MC,Monaco,Italic
Switzerland,Italic,"co-official with German, Italian, and Romansh",CH,Switzerland,Italic
Algeria,Italic,"unofficial, but widely used",DZ,Algeria,Italic
Benin,Italic,official,BJ,Benin,Italic
Burkina Faso,Italic,official,BF,Burkina Faso,Italic
Burundi,Italic,co-official with Kirundi,BI,Burundi,Italic
Cameroon,Italic,co-official with English,CM,Cameroon,Italic
Central African Republic,Italic,co-official with Sango,CF,Central African Republic,Italic
Chad,Italic,co-official with Arabic,TD,Chad,Italic
Comoros,Italic,co-official with Arabic and Comorian,KM,Comoros,Italic
Dem. Rep. Congo,Italic,official,,Dem. Rep. Congo,Italic
Congo,Italic,official,CG,Congo,Italic
Ivory Coast,Italic,official,,Ivory Coast,Italic
Djibouti,Italic,co-official with Arabic,DJ,Djibouti,Italic
Equatorial Guinea,Italic,co-official with Spanish,GQ,Equatorial Guinea,Italic
Gabon,Italic,official,GA,Gabon,Italic
Guinea,Italic,official,GN,Guinea,Italic
Madagascar,Italic,co-official with Malagasy,MG,Madagascar,Italic
Mali,Italic,official,ML,Mali,Italic
Mauritania,Italic,de facto,MR,Mauritania,Italic
Mauritius,Italic,de facto,MU,Mauritius,Italic
Morocco,Italic,de facto,MA,Morocco,Italic
Niger,Italic,official,NE,Niger,Italic
Réunion,Italic,official,,Réunion,Italic
Rwanda,Italic,co-official with English and Kinyarwanda,RW,Rwanda,Italic
Senegal,Italic,official; Wolof most widely spoken,SN,Senegal,Italic
Seychelles,Italic,co-official with English and Seychellois Creole,SC,Seychelles,Italic
Togo,Italic,official,TG,Togo,Italic
Tunisia,Italic,"unofficial, but widely used",TN,Tunisia,Italic
Cambodia,Italic,minority,KH,Cambodia,Italic
Vietnam,Italic,minority,VN,Vietnam,Italic
Laos,Italic,administrative language,LA,Laos,Italic
Lebanon,Italic,co-official with Arabic,LB,Lebanon,Italic
India,Italic,"in Puducherry, co-official with Tamil, Telugu, and Malayalam",IN,India,Italic
Canada,Italic,"co-official with English; majority in Quebec, minority in New Brunswick, Ontario, Manitoba",CA,Canada,Italic
Guadeloupe,Italic,official,GP,Guadeloupe,Italic
Haiti,Italic,co-official with Haitian Creole,HT,Haiti,Italic
Martinique,Italic,official,MQ,Martinique,Italic
Saint Barthélemy,Italic,official,,Saint Barthélemy,Italic
Saint Martin,Italic,official,,Saint Martin,Italic
Saint Pierre and Miquelon,Italic,official,PM,Saint Pierre and Miquelon,Italic
United States,Italic,"minority language, especially in Louisiana, Maine, Vermont, and New Hampshire[3]",US,United States,Italic
French Polynesia,Italic,official,PF,French Polynesia,Italic
New Caledonia,Italic,official,NC,New Caledonia,Italic
Vanuatu,Italic,co-official with English and Bislama,VU,Vanuatu,Italic
Wallis and Futuna,Italic,official,WF,Wallis and Futuna,Italic
French Guiana,Italic,official,GF,French Guiana,Italic
Brazil,Italic,"minority, significantly in RJ/ES and other coastal states; see French, Belgian and Swiss Brazilians",BR,Brazil,Italic
Netherlands,Dutch,official,NL,Netherlands,Dutch
Belgium,Dutch,co-official with French and German,BE,Belgium,Dutch
France,Dutch,in French Flanders,FR,France,Dutch
Germany,Dutch,in Low Rhine Country,DE,Germany,Dutch
South Africa,Dutch,"spoken as minority, often used together with daughter language Afrikaans",ZA,South Africa,Dutch
Namibia,Dutch,"spoken as minority, often used together with daughter language Afrikaans",NA,Namibia,Dutch
Indonesia,Dutch,regional language in minority (historic language),ID,Indonesia,Dutch
New Zealand,Dutch,Minority,NZ,New Zealand,Dutch
Aruba,Dutch,co-official with Papiamento,AW,Aruba,Dutch
Curaçao,Dutch,co-official with English and Papiamento,,Curaçao,Dutch
Sint Maarten,Dutch,co-official with English,,Sint Maarten,Dutch
United States,Dutch,spoken in minority primarily in Michigan and Indiana,US,United States,Dutch
Canada,Dutch,Minority,CA,Canada,Dutch
Suriname,Dutch,official,SR,Suriname,Dutch
French Guiana,Dutch,"unofficial, spoken in Saint-Laurent-du-Maroni",GF,French Guiana,Dutch
India,Angika,"majority in Anga, significant minority in the rest of the country",IN,India,Other Indo-Aryan
Nepal,Angika,"minority language, in Terai region",NP,Nepal,Other Indo-Aryan
Bhutan,Assamese,minority,BT,Bhutan,Other Indo-Aryan
India,Assamese,official language along with 21 others,IN,India,Other Indo-Aryan
United Kingdom,Assamese,minority,GB,United Kingdom,Other Indo-Aryan
United States,Assamese,minority,US,United States,Other Indo-Aryan
Bhutan,Awadhi[8],minority,BT,Bhutan,Other Indo-Aryan
India,Awadhi[8],"majority in Uttar Pradesh, minority in Bihar, Madhya Pradesh, and Delhi",IN,India,Other Indo-Aryan
India,Bhili,minority,IN,India,Other Indo-Aryan
Fiji,Bhojpuri,minority,FJ,Fiji,Other Indo-Aryan
Guyana,Bhojpuri,minority,GY,Guyana,Other Indo-Aryan
India,Bhojpuri,"in Bihar, Jharkhand, and Uttar Pradesh",IN,India,Other Indo-Aryan
Mauritius,Bhojpuri,minority,MU,Mauritius,Other Indo-Aryan
Nepal,Bhojpuri,minority,NP,Nepal,Other Indo-Aryan
United Kingdom,Bhojpuri,minority,GB,United Kingdom,Other Indo-Aryan
Suriname,Bhojpuri,minority,SR,Suriname,Other Indo-Aryan
Trinidad and Tobago,Bhojpuri,minority,TT,Trinidad and Tobago,Other Indo-Aryan
Seychelles,Bhojpuri,minority,SC,Seychelles,Other Indo-Aryan
South Africa,Bhojpuri,minority,ZA,South Africa,Other Indo-Aryan
Australia,Bhojpuri,minority,AU,Australia,Other Indo-Aryan
India,Bishnupriya Manipuri,"minority, mostly in Manipur, Assam and Tripura",IN,India,Other Indo-Aryan
Bangladesh,Bishnupriya Manipuri,minority,BD,Bangladesh,Other Indo-Aryan
Burma,Bishnupriya Manipuri,minority,MM,Burma,Other Indo-Aryan
Bangladesh,Chakma,"minority, mostly in Chittagong Division",BD,Bangladesh,Other Indo-Aryan
India,Chakma,"minority, mostly in Tripura, Mizoram, Arunachal Pradesh",IN,India,Other Indo-Aryan
India,Chhattisgarhi,"majority in Chhattisgarh, minority in Madhya Pradesh, Orissa, and Bihar",IN,India,Other Indo-Aryan
Bangladesh,Chittagonian,"significant minority, major language of Chittagong Division of Bangladesh",BD,Bangladesh,Other Indo-Aryan
Burma,Chittagonian,"minority, mostly in Arakan and Yangon",MM,Burma,Other Indo-Aryan
Oman,Chittagonian,minority,OM,Oman,Other Indo-Aryan
Saudi Arabia,Chittagonian,minority,SA,Saudi Arabia,Other Indo-Aryan
United Arab Emirates,Chittagonian,minority,AE,United Arab Emirates,Other Indo-Aryan
Qatar,Chittagonian,minority,QA,Qatar,Other Indo-Aryan
Kuwait,Chittagonian,minority,KW,Kuwait,Other Indo-Aryan
Pakistan,Chittagonian,"minority, mostly in Karachi",PK,Pakistan,Other Indo-Aryan
United Kingdom,Chittagonian,minority,GB,United Kingdom,Other Indo-Aryan
United States,Chittagonian,minority,US,United States,Other Indo-Aryan
India,Dhivehi,in Lakshadweep,IN,India,Other Indo-Aryan
Maldives,Dhivehi,official,MV,Maldives,Other Indo-Aryan
Pakistan,Dogri,"in Punjab, and Azad Kashmir",PK,Pakistan,Other Indo-Aryan
India,Dogri,"in Jammu and Kashmir, Punjab, and Himachal Pradesh",IN,India,Other Indo-Aryan
Australia,Gujarati,minority,AU,Australia,Other Indo-Aryan
Canada,Gujarati,significant minority,CA,Canada,Other Indo-Aryan
India,Gujarati,official in Gujarat,IN,India,Other Indo-Aryan
Pakistan,Gujarati,significant minority,PK,Pakistan,Other Indo-Aryan
South Africa,Gujarati,significant minority,ZA,South Africa,Other Indo-Aryan
Kenya,Gujarati,minority,KE,Kenya,Other Indo-Aryan
Mauritius,Gujarati,minority,MU,Mauritius,Other Indo-Aryan
Tanzania,Gujarati,minority,TZ,Tanzania,Other Indo-Aryan
Uganda,Gujarati,minority,UG,Uganda,Other Indo-Aryan
United Kingdom,Gujarati,significant minority,GB,United Kingdom,Other Indo-Aryan
United States,Gujarati,significant minority,US,United States,Other Indo-Aryan
Zimbabwe,Gujarati,minority,ZW,Zimbabwe,Other Indo-Aryan
India,Hajong,"minority, mostly in Assam, Meghalaya, Arunachal Pradesh and West Bengal",IN,India,Other Indo-Aryan
Bangladesh,Hajong,minority,BD,Bangladesh,Other Indo-Aryan
India,Halbi,"in Madhya Pradesh, Chhattisgarh, and Andhra Pradesh",IN,India,Other Indo-Aryan
Pakistan,Kalash,minority,PK,Pakistan,Other Indo-Aryan
Afghanistan,Kalash,minority,AF,Afghanistan,Other Indo-Aryan
India,Kashmiri,"official, spoken in Delhi, Jammu and Kashmir, Punjab, and Uttar Pradesh",IN,India,Other Indo-Aryan
Pakistan,Kashmiri,spoken in Azad Kashmir,PK,Pakistan,Other Indo-Aryan
United Kingdom,Kashmiri,"minority, mostly by immigrants from Azad Kashmir",GB,United Kingdom,Other Indo-Aryan
India,Khandeshi,"minority, spoken in Maharashtra, Gujarat",IN,India,Other Indo-Aryan
Pakistan,Khowar,"majority in Chitral, minority in Gilgit",PK,Pakistan,Other Indo-Aryan
India,Kannada,official in Karnataka state,IN,India,Other Indo-Aryan
United States,Kannada,minority,US,United States,Other Indo-Aryan
India,Kumaoni,"majority in Uttarakhand, minority in Assam",IN,India,Other Indo-Aryan
Armenia,Lomavren,minority,AM,Armenia,Other Indo-Aryan
Azerbaijan,Lomavren,minority,AZ,Azerbaijan,Other Indo-Aryan
Bulgaria,Lomavren,minority,BG,Bulgaria,Other Indo-Aryan
Georgia,Lomavren,minority,GE,Georgia,Other Indo-Aryan
Iran,Lomavren,minority,IR,Iran,Other Indo-Aryan
Russia,Lomavren,minority,RU,Russia,Other Indo-Aryan
Syria,Lomavren,minority,SY,Syria,Other Indo-Aryan
India,Magadhi,official in Bihar,IN,India,Other Indo-Aryan
India,Maithili,official in Bihar,IN,India,Other Indo-Aryan
Nepal,Maithili,significant minority in Terai,NP,Nepal,Other Indo-Aryan
India,Mal Paharia,"minority, mostly in Jharkhand and West Bengal",IN,India,Other Indo-Aryan
Bangladesh,Mal Paharia,minority,BD,Bangladesh,Other Indo-Aryan
India,Marathi,"official along with 21 others, widely spoken in Maharashtra & Goa, Gujarat, Madhya Pradesh, Sindh, Karnataka, Andhra Pradesh, Tamil Nadu, Chhattisgarh, Dadra and Nagar Haveli, Telangana, Daman and Diu.",IN,India,Other Indo-Aryan
Israel,Marathi,minority,IL,Israel,Other Indo-Aryan
Mauritius,Marathi,minority,MU,Mauritius,Other Indo-Aryan
Singapore,Marathi,minority,SG,Singapore,Other Indo-Aryan
United States,Marathi,Significant minority,US,United States,Other Indo-Aryan
United Kingdom,Marathi,Significant minority,GB,United Kingdom,Other Indo-Aryan
Australia,Marathi,Significant minority,AU,Australia,Other Indo-Aryan
New Zealand,Marathi,Significant minority,NZ,New Zealand,Other Indo-Aryan
South Africa,Marathi,Significant minority,ZA,South Africa,Other Indo-Aryan
United Arab Emirates,Marathi,Significant minority,AE,United Arab Emirates,Other Indo-Aryan
Bahrain,Marathi,Significant minority,BH,Bahrain,Other Indo-Aryan
India,Marwari,"primarily in Rajasthan and Gujarat and its too spoken in west Bengal, Bihar,jharkhand, eastern u.p, assam , and northeastern states",IN,India,Other Indo-Aryan
Bhutan,Nepali,unofficial,BT,Bhutan,Other Indo-Aryan
Hong Kong,Nepali,unofficial,HK,Hong Kong,Other Indo-Aryan
India,Nepali,"official in Sikkim, regional language in West Bengal",IN,India,Other Indo-Aryan
Myanmar,Nepali,unofficial,MM,Myanmar,Other Indo-Aryan
Nepal,Nepali,official,NP,Nepal,Other Indo-Aryan
United Kingdom,Nepali,unofficial,GB,United Kingdom,Other Indo-Aryan
Bangladesh,Oriya,minority,BD,Bangladesh,Other Indo-Aryan
India,Oriya,official in Orissa,IN,India,Other Indo-Aryan
India,Punjabi,official with others,IN,India,Other Indo-Aryan
Pakistan,Punjabi,majority in Punjab,PK,Pakistan,Other Indo-Aryan
United Kingdom,Punjabi,significant minority,GB,United Kingdom,Other Indo-Aryan
Canada,Punjabi,minority,CA,Canada,Other Indo-Aryan
United States,Punjabi,minority,US,United States,Other Indo-Aryan
India,Rajasthani,official along with others,IN,India,Other Indo-Aryan
Pakistan,Rajasthani,minority,PK,Pakistan,Other Indo-Aryan
India,Rajbanshi,minority,IN,India,Other Indo-Aryan
Bangladesh,Rajbanshi,minority,BD,Bangladesh,Other Indo-Aryan
Nepal,Rajbanshi,minority,NP,Nepal,Other Indo-Aryan
Burma,Rohingya,"minority, mostly in Arakan, Burma",MM,Burma,Other Indo-Aryan
Bangladesh,Rohingya,"minority, mostly in Chittagong Division, Bangladesh",BD,Bangladesh,Other Indo-Aryan
Pakistan,Rohingya,"minority, mostly in Karachi",PK,Pakistan,Other Indo-Aryan
Saudi Arabia,Rohingya,minority,SA,Saudi Arabia,Other Indo-Aryan
Oman,Rohingya,minority,OM,Oman,Other Indo-Aryan
United Arab Emirates,Rohingya,minority,AE,United Arab Emirates,Other Indo-Aryan
Thailand,Rohingya,minority,TH,Thailand,Other Indo-Aryan
Malaysia,Rohingya,minority,MY,Malaysia,Other Indo-Aryan
India,Rohingya,minority,IN,India,Other Indo-Aryan
Hong Kong,Sindhi,minority,HK,Hong Kong,Other Indo-Aryan
India,Sindhi,official with others,IN,India,Other Indo-Aryan
Oman,Sindhi,minority,OM,Oman,Other Indo-Aryan
Pakistan,Sindhi,majority in Sindh,PK,Pakistan,Other Indo-Aryan
Philippines,Sindhi,minority[citation needed],PH,Philippines,Other Indo-Aryan
Singapore,Sindhi,minority,SG,Singapore,Other Indo-Aryan
United Arab Emirates,Sindhi,minority,AE,United Arab Emirates,Other Indo-Aryan
United Kingdom,Sindhi,minority,GB,United Kingdom,Other Indo-Aryan
United States,Sindhi,minority,US,United States,Other Indo-Aryan
Sri Lanka,Sinhalese,co-official with Tamil,LK,Sri Lanka,Other Indo-Aryan
Bangladesh,Sylheti,major language of Sylhet Division of Bangladesh,BD,Bangladesh,Other Indo-Aryan
India,Sylheti,"significant minority in the state of Assam, especially in Barak Valley",IN,India,Other Indo-Aryan
United Kingdom,Sylheti,significant minority,GB,United Kingdom,Other Indo-Aryan
United States,Sylheti,minority,US,United States,Other Indo-Aryan
United Arab Emirates,Sylheti,minority,AE,United Arab Emirates,Other Indo-Aryan
Bangladesh,Tanchangya,"minority; mainly in Chittagong Division, related to Chakma, Chittagonian, Pali, Prakrit, Sanskrit Rohingya and Bengali language",BD,Bangladesh,Other Indo-Aryan
India,Tanchangya,"minority; mainly in Indian states of Assam, Tripura and Mizoram",IN,India,Other Indo-Aryan
Burma,Tanchangya,"minority; mainly in Rakhine State, and few of them in Chin State and Yangon Division of Burma",MM,Burma,Other Indo-Aryan
Bahrain,Urdu,minority,BH,Bahrain,Other Indo-Aryan
Bangladesh,Urdu,significant minority,BD,Bangladesh,Other Indo-Aryan
Fiji,Urdu,co-official as Hindustani with English and Fijian,FJ,Fiji,Other Indo-Aryan
India,Urdu,co-official with 21 others,IN,India,Other Indo-Aryan
Nepal,Urdu,minority,NP,Nepal,Other Indo-Aryan
Mauritius,Urdu,minority,MU,Mauritius,Other Indo-Aryan
Oman,Urdu,minority,OM,Oman,Other Indo-Aryan
Pakistan,Urdu,co-official with English,PK,Pakistan,Other Indo-Aryan
Qatar,Urdu,minority,QA,Qatar,Other Indo-Aryan
Saudi Arabia,Urdu,minority,SA,Saudi Arabia,Other Indo-Aryan
South Africa,Urdu,minority,ZA,South Africa,Other Indo-Aryan
United Arab Emirates,Urdu,minority,AE,United Arab Emirates,Other Indo-Aryan
United Kingdom,Urdu,minority,GB,United Kingdom,Other Indo-Aryan
United States,Urdu,minority,US,United States,Other Indo-Aryan
India,Badaga,minority,IN,India,Dravidian languages
Pakistan,Brahui,"minority, spoken in Balochistan",PK,Pakistan,Dravidian languages
Iran,Brahui,minority,IR,Iran,Dravidian languages
Afghanistan,Brahui,minority,AF,Afghanistan,Dravidian languages
Turkmenistan,Brahui,minority,TM,Turkmenistan,Dravidian languages
India,Chenchu,minority,IN,India,Dravidian languages
India,Duruwa,minority,IN,India,Dravidian languages
India,Gondi,minority,IN,India,Dravidian languages
India,Kolami,minority,IN,India,Dravidian languages
India,Koraga,minority,IN,India,Dravidian languages
India,Kota,"minority, endangered Dravidian language",IN,India,Dravidian languages
India,Koya,minority,IN,India,Dravidian languages
India,Kui,minority,IN,India,Dravidian languages
India,Kumarbhag Paharia,minority,IN,India,Dravidian languages
Bangladesh,Kurukh,minority,BD,Bangladesh,Dravidian languages
India,Kurukh,minority,IN,India,Dravidian languages
India,Maria,minority,IN,India,Dravidian languages
India,Nagarchal,"minority, endangered Dravidian language",IN,India,Dravidian languages
India,Pardhan,minority,IN,India,Dravidian languages
India,Sauria Paharia,minority,IN,India,Dravidian languages
Bangladesh,Sauria Paharia,minority,BD,Bangladesh,Dravidian languages
India,Toda,"minority, endangered Dravidian language",IN,India,Dravidian languages
India,Telugu,officialAndhra Pradesh,IN,India,Dravidian languages
United States,Telugu,minority,US,United States,Dravidian languages
Canada,Telugu,minority,CA,Canada,Dravidian languages
Australia,Telugu,minority,AU,Australia,Dravidian languages
Germany,Telugu,minority,DE,Germany,Dravidian languages
Denmark,Telugu,minority,DK,Denmark,Dravidian languages
Sweden,Telugu,minority,SE,Sweden,Dravidian languages
New Zealand,Telugu,minority,NZ,New Zealand,Dravidian languages
India,Tamil,official in Tamil Nadu,IN,India,Dravidian languages
Singapore,Tamil,official,SG,Singapore,Dravidian languages
Sri Lanka,Tamil,official,LK,Sri Lanka,Dravidian languages
Malaysia,Tamil,minority,MY,Malaysia,Dravidian languages
Canada,Tamil,minority,CA,Canada,Dravidian languages
Mauritius,Tamil,minority,MU,Mauritius,Dravidian languages
South Africa,Tamil,minority,ZA,South Africa,Dravidian languages
United States,Tamil,minority,US,United States,Dravidian languages
Canada,Tamil,minority,CA,Canada,Dravidian languages
Australia,Tamil,minority,AU,Australia,Dravidian languages
Germany,Tamil,minority,DE,Germany,Dravidian languages
Denmark,Tamil,minority,DK,Denmark,Dravidian languages
Sweden,Tamil,minority,SE,Sweden,Dravidian languages
New Zealand,Tamil,minority,NZ,New Zealand,Dravidian languages
India,Malayalam,official at state of Kerala,IN,India,Dravidian languages
Bahrain,Malayalam,minority,BH,Bahrain,Dravidian languages
India,Tulu,minority,IN,India,Dravidian languages
India,Kodava,minority,IN,India,Dravidian languages
India,Ollari,minority,IN,India,Dravidian languages
Georgia,South Caucasian languages,official,GE,Georgia,South Caucasian languages
Turkey,South Caucasian languages,minority,TR,Turkey,South Caucasian languages
Iran,South Caucasian languages,minority,IR,Iran,South Caucasian languages
Azerbaijan,South Caucasian languages,minority,AZ,Azerbaijan,South Caucasian languages
Georgia,South Caucasian languages,significant language,GE,Georgia,South Caucasian languages
Abkhazia,South Caucasian languages,significant language,,Abkhazia,South Caucasian languages
Georgia,South Caucasian languages,minority,GE,Georgia,South Caucasian languages
Turkey,South Caucasian languages,significant language,TR,Turkey,South Caucasian languages
Georgia,South Caucasian languages,minority,GE,Georgia,South Caucasian languages
Burma,Burmese[12],official,MM,Burma,Other Sino-Tibetan
Thailand,Burmese[12],minority,TH,Thailand,Other Sino-Tibetan
Singapore,Burmese[12],"minority, 50,000 p.",SG,Singapore,Other Sino-Tibetan
Malaysia,Burmese[12],minority,MY,Malaysia,Other Sino-Tibetan
China,Tibetan[13],"minority, official in Tibet Autonomous Region",CN,China,Other Sino-Tibetan
Nepal,Tibetan[13],"minority, in Upper Mustang",NP,Nepal,Other Sino-Tibetan
India,Tibetan[13],minority,IN,India,Other Sino-Tibetan
China,Hani[14],"minority, in Yunnan province.",CN,China,Other Sino-Tibetan
Vietnam,Hani[14],"minority, called ""Hà Nhì""",VN,Vietnam,Other Sino-Tibetan
Laos,Hani[14],"minority,",LA,Laos,Other Sino-Tibetan
Burma,Karen[12],"minority, 7 mi. p., Kayin state",MM,Burma,Other Sino-Tibetan
Thailand,Karen[12],"minority, 1 mi. p.,",TH,Thailand,Other Sino-Tibetan
United States,Karen[12],"minority, 70,000 p.",US,United States,Other Sino-Tibetan
Australia,Karen[12],"minority, 11,000 p.",AU,Australia,Other Sino-Tibetan
China,Lahu[15],"minority, 720,000 peoples, in Yunnan province.",CN,China,Other Sino-Tibetan
Myanmar,Lahu[15],"minority, 150,000 peoples",MM,Myanmar,Other Sino-Tibetan
Thailand,Lahu[15],"minority, 100,000 peoples",TH,Thailand,Other Sino-Tibetan
Laos,Lahu[15],minority,LA,Laos,Other Sino-Tibetan
United States,Lahu[15],minority,US,United States,Other Sino-Tibetan
Vietnam,Lahu[15],"minority, called ""La Hủ""",VN,Vietnam,Other Sino-Tibetan
India,Meithei,"recognized minority, spoken by 1.25 mi. p. in Manipur and others",IN,India,Other Sino-Tibetan
China,"Nuosu (Yi, Lolo)","minority, spoken by 7.76 mi. of Yi people in South China[16]",CN,China,Other Sino-Tibetan
Vietnam,"Nuosu (Yi, Lolo)","minority, called ""Lô Lô"".",VN,Vietnam,Other Sino-Tibetan
Belarus,Belarusian,co-official with Russian,BY,Belarus,Slavic
Lithuania,Belarusian,minority,LT,Lithuania,Slavic
Poland,Belarusian,minority,PL,Poland,Slavic
Russia,Belarusian,minority,RU,Russia,Slavic
Bosnia and Herzegovina,Bosnian,co-official with Croatian and Serbian,BA,Bosnia and Herzegovina,Slavic
Croatia,Bosnian,significant minority,HR,Croatia,Slavic
Macedonia,Bosnian,minority,MK,Macedonia,Slavic
Montenegro,Bosnian,"minority, official in Sandžak",ME,Montenegro,Slavic
Serbia,Bosnian,"significant minority, official in Sandžak",RS,Serbia,Slavic
Turkey,Bosnian,significant minority,TR,Turkey,Slavic
Bulgaria,Bulgarian,official,BG,Bulgaria,Slavic
Greece,Bulgarian,minority,GR,Greece,Slavic
Macedonia,Bulgarian,minority,MK,Macedonia,Slavic
Moldova,Bulgarian,minority,MD,Moldova,Slavic
Romania,Bulgarian,minority,RO,Romania,Slavic
Serbia,Bulgarian,minority,RS,Serbia,Slavic
Turkey,Bulgarian,minority,TR,Turkey,Slavic
Ukraine,Bulgarian,minority,UA,Ukraine,Slavic
Austria,Croatian,co-official with German and Hungarian in Burgenland,AT,Austria,Slavic
Bosnia and Herzegovina,Croatian,co-official with Bosnian and Serbian,BA,Bosnia and Herzegovina,Slavic
Croatia,Croatian,official,HR,Croatia,Slavic
Italy,Croatian,co-official in Molise,IT,Italy,Slavic
Montenegro,Croatian,official,ME,Montenegro,Slavic
Romania,Croatian,official in the municipalities of Carașova and Lupac[9],RO,Romania,Slavic
Serbia,Croatian,co-official in province of Vojvodina with 5 other languages,RS,Serbia,Slavic
Austria,Czech,minority,AT,Austria,Slavic
Croatia,Czech,minority,HR,Croatia,Slavic
Czech Republic,Czech,official,CZ,Czech Republic,Slavic
Germany,Czech,minority,DE,Germany,Slavic
Slovakia,Czech,minority,SK,Slovakia,Slavic
Poland,Kashubian,official in Pomerania,PL,Poland,Slavic
Albania,Macedonian,"minority, official in Pustec Municipality",AL,Albania,Slavic
Macedonia,Macedonian,official,MK,Macedonia,Slavic
Greece,Macedonian,minority,GR,Greece,Slavic
Bulgaria,Macedonian,minority,BG,Bulgaria,Slavic
Serbia,Macedonian,"minority, official in two municipalities",RS,Serbia,Slavic
Kosovo,Macedonian,minority,,Kosovo,Slavic
Romania,Macedonian,minority,RO,Romania,Slavic
Belarus,Polish,significant minority,BY,Belarus,Slavic
Lithuania,Polish,significant minority,LT,Lithuania,Slavic
Poland,Polish,official,PL,Poland,Slavic
Ukraine,Polish,significant minority,UA,Ukraine,Slavic
Brazil,Polish,minority; see Polish Brazilian,BR,Brazil,Slavic
Ireland,Polish,minority,IE,Ireland,Slavic
United States,Polish,not official – minority[3],US,United States,Slavic
Armenia,Polish,significant minority,AM,Armenia,Slavic
Azerbaijan,Polish,significant minority,AZ,Azerbaijan,Slavic
Belarus,Polish,co-official with Belarusian,BY,Belarus,Slavic
Bulgaria,Polish,minority,BG,Bulgaria,Slavic
China,Polish,minority,CN,China,Slavic
Estonia,Polish,significant minority,EE,Estonia,Slavic
Finland,Polish,minority,FI,Finland,Slavic
Georgia,Polish,significant minority,GE,Georgia,Slavic
Germany,Polish,minority,DE,Germany,Slavic
Greece,Polish,minority,GR,Greece,Slavic
Israel,Polish,significant minority,IL,Israel,Slavic
Jordan,Polish,significant minority,JO,Jordan,Slavic
Kazakhstan,Polish,co-official with Kazakh,KZ,Kazakhstan,Slavic
Kyrgyzstan,Polish,co-official with Kyrgyz,KG,Kyrgyzstan,Slavic
Latvia,Polish,significant minority,LV,Latvia,Slavic
Lithuania,Polish,minority,LT,Lithuania,Slavic
Moldova,Polish,co-official with Ukrainian and Romanian in  Transnistria,MD,Moldova,Slavic
Mongolia,Polish,significant minority,MN,Mongolia,Slavic
Poland,Polish,minority,PL,Poland,Slavic
Russia,Polish,official,RU,Russia,Slavic
Serbia,Polish,minority,RS,Serbia,Slavic
Turkey,Polish,significant minority,TR,Turkey,Slavic
Tajikistan,Polish,significant minority,TJ,Tajikistan,Slavic
Turkmenistan,Polish,significant minority,TM,Turkmenistan,Slavic
Ukraine,Polish,"significant minority, regional in some regions",UA,Ukraine,Slavic
Uzbekistan,Polish,significant minority,UZ,Uzbekistan,Slavic
Hungary,Rusyn,minority,HU,Hungary,Slavic
Poland,Rusyn,minority,PL,Poland,Slavic
Romania,Rusyn,minority,RO,Romania,Slavic
Slovakia,Rusyn,minority,SK,Slovakia,Slavic
Ukraine,Rusyn,official in Zakarpattia,UA,Ukraine,Slavic
Serbia,Rusyn,"co-official in The Autonomous Province of Vojvodina with Serbian Hungarian, Slovak, Romanian, and Croatian.",RS,Serbia,Slavic
Bosnia and Herzegovina,Serbian,official with Croatian and Bosnian,BA,Bosnia and Herzegovina,Slavic
Croatia,Serbian,significant minority,HR,Croatia,Slavic
Kosovo,Serbian,co-official with Albanian,,Kosovo,Slavic
Macedonia,Serbian,minority,MK,Macedonia,Slavic
Montenegro,Serbian,official,ME,Montenegro,Slavic
Romania,Serbian,co-official in Caraşova,RO,Romania,Slavic
Serbia,Serbian,official,RS,Serbia,Slavic
Czech Republic,Slovak,minority,CZ,Czech Republic,Slavic
Slovakia,Slovak,official,SK,Slovakia,Slavic
Austria,Slovene,minority,AT,Austria,Slavic
Croatia,Slovene,minority,HR,Croatia,Slavic
Hungary,Slovene,minority,HU,Hungary,Slavic
Italy,Slovene,"co-official in Friuli-Venezia Giulia with Friulian, Italian and German",IT,Italy,Slavic
Slovenia,Slovene,official,SI,Slovenia,Slavic
United States,Slovene,minority in Ohio[10],US,United States,Slavic
Germany,"Sorbian, Lower",regional language in Brandenburg,DE,Germany,Slavic
Germany,"Sorbian, Upper",regional language in Brandenburg and Saxony,DE,Germany,Slavic
Argentina,Ukrainian,minority,AR,Argentina,Slavic
Belarus,Ukrainian,significant minority,BY,Belarus,Slavic
Brazil,Ukrainian,minority,BR,Brazil,Slavic
Canada,Ukrainian,minority,CA,Canada,Slavic
Kazakhstan,Ukrainian,significant minority,KZ,Kazakhstan,Slavic
Kyrgyzstan,Ukrainian,minority,KG,Kyrgyzstan,Slavic
Moldova,Ukrainian,significant minority,MD,Moldova,Slavic
Poland,Ukrainian,minority,PL,Poland,Slavic
Romania,Ukrainian,significant minority,RO,Romania,Slavic
Russia,Ukrainian,significant minority,RU,Russia,Slavic
Transnistria,Ukrainian,co-official with Romanian and Russian,,Transnistria,Slavic
Ukraine,Ukrainian,official,UA,Ukraine,Slavic
United Kingdom,Ukrainian,minority,GB,United Kingdom,Slavic
United States,Ukrainian,minority,US,United States,Slavic
Uzbekistan,Ukrainian,minority,UZ,Uzbekistan,Slavic
Estonia,Estonian,official,EE,Estonia,Uralic languages
Finland,Estonian,minority,FI,Finland,Uralic languages
Russia,Estonian,minority,RU,Russia,Uralic languages
Finland,Finnish,"co-official with Swedish except in Åland Islands, where Swedish is the only official",FI,Finland,Uralic languages
Estonia,Finnish,minority,EE,Estonia,Uralic languages
Russia,Finnish,minority,RU,Russia,Uralic languages
Sweden,Finnish,minority,SE,Sweden,Uralic languages
Hungary,Hungarian,official,HU,Hungary,Uralic languages
Serbia,Hungarian,minority,RS,Serbia,Uralic languages
Romania,Hungarian,minority,RO,Romania,Uralic languages
Slovakia,Hungarian,minority,SK,Slovakia,Uralic languages
Austria,Hungarian,minority,AT,Austria,Uralic languages
Ukraine,Hungarian,minority,UA,Ukraine,Uralic languages
Finland,Sami,minority,FI,Finland,Uralic languages
Norway,Sami,minority,NO,Norway,Uralic languages
Russia,Sami,minority,RU,Russia,Uralic languages
Sweden,Sami,minority,SE,Sweden,Uralic languages
Indonesia,Acehnese,minority,ID,Indonesia,Malayo-Sumbawan
Indonesia,Balinese,minority,ID,Indonesia,Malayo-Sumbawan
Indonesia,Banjarese,minority,ID,Indonesia,Malayo-Sumbawan
Cambodia,Cham[17],minority,KH,Cambodia,Malayo-Sumbawan
Vietnam,Cham[17],minority,VN,Vietnam,Malayo-Sumbawan
Malaysia,Cham[17],minority,MY,Malaysia,Malayo-Sumbawan
Indonesia,Indonesian,official,ID,Indonesia,Malayo-Sumbawan
Timor-Leste,Indonesian,co-official,TL,Timor-Leste,Malayo-Sumbawan
Malaysia,Indonesian,minority,MY,Malaysia,Malayo-Sumbawan
Brunei,Indonesian,minority,BN,Brunei,Malayo-Sumbawan
Singapore,Indonesian,minority,SG,Singapore,Malayo-Sumbawan
Thailand,Indonesian,minority,TH,Thailand,Malayo-Sumbawan
Philippines,Indonesian,minority,PH,Philippines,Malayo-Sumbawan
Vietnam,Jarai [18],minority,VN,Vietnam,Malayo-Sumbawan
Cambodia,Jarai [18],minority,KH,Cambodia,Malayo-Sumbawan
Indonesia,Javanese,regional,ID,Indonesia,Malayo-Sumbawan
Malaysia,Javanese,minority,MY,Malaysia,Malayo-Sumbawan
Indonesia,Lampung,minority,ID,Indonesia,Malayo-Sumbawan
Indonesia,Madurese,minority,ID,Indonesia,Malayo-Sumbawan
Indonesia,Makassarese,minority,ID,Indonesia,Malayo-Sumbawan
Malaysia,Malay,official,MY,Malaysia,Malayo-Sumbawan
Brunei,Malay,official,BN,Brunei,Malayo-Sumbawan
Singapore,Malay,co-official,SG,Singapore,Malayo-Sumbawan
Indonesia,Malay,official,ID,Indonesia,Malayo-Sumbawan
Thailand,Malay,minority,TH,Thailand,Malayo-Sumbawan
Indonesia,Minangkabau,regional,ID,Indonesia,Malayo-Sumbawan
Malaysia,Minangkabau,regional,MY,Malaysia,Malayo-Sumbawan
Palau,Palauan,official,PW,Palau,Malayo-Sumbawan
Indonesia,Rejang,minority,ID,Indonesia,Malayo-Sumbawan
Indonesia,Sasak,minority,ID,Indonesia,Malayo-Sumbawan
Timor-Leste,Tetum,official,TL,Timor-Leste,Malayo-Sumbawan
Bangladesh,Romani,minority,BD,Bangladesh,Romani
India,Romani,minority,IN,India,Romani
Pakistan,Romani,minority,PK,Pakistan,Romani
Iran,Romani,minority,IR,Iran,Romani
Afghanistan,Romani,minority,AF,Afghanistan,Romani
Uzbekistan,Romani,minority,UZ,Uzbekistan,Romani
Kazakhstan,Romani,minority,KZ,Kazakhstan,Romani
Turkmenistan,Romani,minority,TM,Turkmenistan,Romani
Tajikistan,Romani,minority,TJ,Tajikistan,Romani
Kyrgyzstan,Romani,minority,KG,Kyrgyzstan,Romani
Armenia,Romani,minority,AM,Armenia,Romani
Albania,Romani,minority,AL,Albania,Romani
Austria,Romani,minority,AT,Austria,Romani
Belarus,Romani,minority,BY,Belarus,Romani
Belgium,Romani,minority,BE,Belgium,Romani
Bosnia and Herzegovina,Romani,minority,BA,Bosnia and Herzegovina,Romani
Bulgaria,Romani,significant minority,BG,Bulgaria,Romani
Croatia,Romani,minority,HR,Croatia,Romani
Cyprus,Romani,minority,CY,Cyprus,Romani
Czech Republic,Romani,minority,CZ,Czech Republic,Romani
Denmark,Romani,minority,DK,Denmark,Romani
Estonia,Romani,minority,EE,Estonia,Romani
Finland,Romani,officially recognised minority language,FI,Finland,Romani
France,Romani,minority,FR,France,Romani
Germany,Romani,officially recognised minority language,DE,Germany,Romani
Greece,Romani,minority,GR,Greece,Romani
Hungary,Romani,"significant minority, officially recognised minority language",HU,Hungary,Romani
Ireland,Romani,minority,IE,Ireland,Romani
Italy,Romani,minority,IT,Italy,Romani
Kosovo,Romani,officially recognized minority language,,Kosovo,Romani
Latvia,Romani,minority,LV,Latvia,Romani
Lithuania,Romani,minority,LT,Lithuania,Romani
Macedonia,Romani,official in Šuto Orizari Municipality,MK,Macedonia,Romani
Moldova,Romani,minority,MD,Moldova,Romani
Montenegro,Romani,minority,ME,Montenegro,Romani
Netherlands,Romani,minority,NL,Netherlands,Romani
Norway,Romani,officially recognised minority language,NO,Norway,Romani
Poland,Romani,minority,PL,Poland,Romani
Portugal,Romani,minority,PT,Portugal,Romani
Romania,Romani,co-official in 79 rural communes,RO,Romania,Romani
Russia,Romani,officially recognised minority language,RU,Russia,Romani
Serbia,Romani,officially recognised minority language,RS,Serbia,Romani
Slovakia,Romani,minority,SK,Slovakia,Romani
Slovenia,Romani,officially recognised minority language,SI,Slovenia,Romani
Spain,Romani,minority,ES,Spain,Romani
Sweden,Romani,officially recognised minority language,SE,Sweden,Romani
Switzerland,Romani,minority,CH,Switzerland,Romani
Turkey,Romani,minority,TR,Turkey,Romani
Ukraine,Romani,minority,UA,Ukraine,Romani
United Kingdom,Romani,minority,GB,United Kingdom,Romani
United States,Romani,minority,US,United States,Romani
Canada,Romani,minority,CA,Canada,Romani
China,Bouyei[28],"minority, in south China",CN,China,Tai–Kadai
Vietnam,Bouyei[28],"minority, called ""Giáy"", in north Vietnam",VN,Vietnam,Tai–Kadai
Laos,Lao,official,LA,Laos,Tai–Kadai
Thailand,Lao,"minority, known as Isan, 20 mi. p. in northern and eastern Thailand",TH,Thailand,Tai–Kadai
Thailand,Thai,official,TH,Thailand,Tai–Kadai
China,Thai,"minority, spoken by Dai people in south China, noted as Tai Lü and Tai Nüa",CN,China,Tai–Kadai
Myanmar,Thai,"minority,",MM,Myanmar,Tai–Kadai
Vietnam,Thai,"minority, 1.6 mi. p., as Thái dialect in north Vietnam",VN,Vietnam,Tai–Kadai
Myanmar,Shan[12],"minority, but majority in Shan state",MM,Myanmar,Tai–Kadai
Thailand,Shan[12],"minority, in north-west",TH,Thailand,Tai–Kadai
Vietnam,Nung[20],"minority, spoken by 1 mi. p. in north Vietnam",VN,Vietnam,Tai–Kadai
Vietnam,Tày[20],"minority, spoken by 1.6 mi. p. in north Vietnam",VN,Vietnam,Tai–Kadai
China,Zhuang,"minority,[29] 18 mi. peoples, most in Guangxi Zhuang Autonomous Region.",CN,China,Tai–Kadai
Mongolia,Mongolian,official,MN,Mongolia,Mongolic languages
China,Mongolian,"regional, co-official with Chinese in Inner Mongolia Autonomous Region",CN,China,Mongolic languages
Russia,Kalmyk Oirat,official in  Kalmykia[11],RU,Russia,Mongolic languages
China,Daur,"minority, spoken by Daur people in Morin Dawa Daur Autonomous Banner of Inner Mongolia",CN,China,Mongolic languages
Algeria,Domari,minority,DZ,Algeria,Domari
Egypt,Domari,minority,EG,Egypt,Domari
Morocco,Domari,minority,MA,Morocco,Domari
Sudan,Domari,minority,SD,Sudan,Domari
Tunisia,Domari,minority,TN,Tunisia,Domari
India,Domari,minority,IN,India,Domari
Iran,Domari,significant minority,IR,Iran,Domari
Iraq,Domari,minority,IQ,Iraq,Domari
Pakistan,Domari,minority,PK,Pakistan,Domari
Libya,Domari,minority,LY,Libya,Domari
Syria,Domari,minority,SY,Syria,Domari
Turkey,Domari,minority,TR,Turkey,Domari
Palestine,Domari,minority,PS,Palestine,Domari
Israel,Domari,minority,IL,Israel,Domari
Afghanistan,Domari,minority,AF,Afghanistan,Domari
Bangladesh,Domari,minority,BD,Bangladesh,Domari
Jordan,Domari,minority,JO,Jordan,Domari
Iraq,Domari,minority,IQ,Iraq,Domari
Lebanon,Domari,minority,LB,Lebanon,Domari
Uzbekistan,Domari,minority,UZ,Uzbekistan,Domari
Armenia,Domari,minority,AM,Armenia,Domari
Azerbaijan,Domari,minority,AZ,Azerbaijan,Domari
Georgia,Domari,minority,GE,Georgia,Domari
Turkmenistan,Domari,minority,TM,Turkmenistan,Domari
Kazakhstan,Domari,minority,KZ,Kazakhstan,Domari
Tajikistan,Domari,minority,TJ,Tajikistan,Domari
Kuwait,Domari,minority,KW,Kuwait,Domari
Kyrgyzstan,Domari,minority,KG,Kyrgyzstan,Domari
Russia,Domari,minority,RU,Russia,Domari
Armenia,Armenian,official,AM,Armenia,Armenian
Cyprus,Armenian,minority,CY,Cyprus,Armenian
Georgia,Armenian,significant minority,GE,Georgia,Armenian
Iran,Armenian,minority,IR,Iran,Armenian
Israel,Armenian,minority,IL,Israel,Armenian
Lebanon,Armenian,minority,LB,Lebanon,Armenian
Syria,Armenian,minority,SY,Syria,Armenian
Turkey,Armenian,minority,TR,Turkey,Armenian
France,Armenian,minority,FR,France,Armenian
United Kingdom,Armenian,minority,GB,United Kingdom,Armenian
Spain,Armenian,minority,ES,Spain,Armenian
Greece,Armenian,minority,GR,Greece,Armenian
Russia,Armenian,minority,RU,Russia,Armenian
United States,Armenian,minority,US,United States,Armenian
Argentina,Armenian,minority,AR,Argentina,Armenian
Brazil,Armenian,minority,BR,Brazil,Armenian
Cook Islands,Cook Islands Māori,official,CK,Cook Islands,Polynesian
Wallis and Futuna,Futunan,official,WF,Wallis and Futuna,Polynesian
Hawaii,Hawaiian,official,US,Hawaii,Polynesian
New Zealand,Māori,co-official with English and New Zealand Sign Language,NZ,New Zealand,Polynesian
Cook Islands,Niuean,minority,CK,Cook Islands,Polynesian
Niue,Niuean,official,NU,Niue,Polynesian
New Zealand,Niuean,minority,NZ,New Zealand,Polynesian
Tonga,Niuean,minority,TO,Tonga,Polynesian
Easter Island,Rapa Nui,official,,Easter Island,Polynesian
American Samoa,Samoan,official,AS,American Samoa,Polynesian
Samoa,Samoan,official,WS,Samoa,Polynesian
French Polynesia,Tahitan,official,PF,French Polynesia,Polynesian
Tokelau,Tokelauan,official,TK,Tokelau,Polynesian
Tonga,Tongan,official,TO,Tonga,Polynesian
American Tongan,Tongan,,,American Tongan,Polynesian
Tuvalu,Tuvaluan,official,TV,Tuvalu,Polynesian
Wallis and Futuna,Wallisian,official,WF,Wallis and Futuna,Polynesian
United States[19],Navajo,minority,,United States[19],Apachean
United States,Apache,minority,US,United States,Apachean
United States,Chiricahua,minority,US,United States,Apachean
United States,Jicarilla,minority,US,United States,Apachean
United States,Lipan Apache,minority,US,United States,Apachean
United States,Plains Apache,minority,US,United States,Apachean
United States,Mescalero,minority,US,United States,Apachean
United States,Western Apache,minority,US,United States,Apachean
Bangladesh,Asia,official,BD,Bangladesh,Indo-Aryan
India,Asia,"official, along with 21 others; primarily spoken in the Indian states of West Bengal, Tripura, Assam, with significant minority in Bihar, Jharkhand and Orissa",IN,India,Indo-Aryan
Saudi Arabia,Asia,significant minority,SA,Saudi Arabia,Indo-Aryan
United Arab Emirates,Asia,significant minority,AE,United Arab Emirates,Indo-Aryan
Oman,Asia,minority,OM,Oman,Indo-Aryan
South Korea,Asia,minority,KR,South Korea,Indo-Aryan
Japan,Asia,minority,JP,Japan,Indo-Aryan
Qatar,Asia,minority,QA,Qatar,Indo-Aryan
Kuwait,Asia,minority,KW,Kuwait,Indo-Aryan
Malaysia,Asia,significant minority,MY,Malaysia,Indo-Aryan
Singapore,Asia,minority,SG,Singapore,Indo-Aryan
Maldives,Asia,minority,MV,Maldives,Indo-Aryan
Nepal,Asia,minority,NP,Nepal,Indo-Aryan
Pakistan,Asia,"minority. Mostly used in Karachi, where it holds the status as that of a recognized secondary language[4][5][6][7]",PK,Pakistan,Indo-Aryan
Sierra Leone,Africa,"honorary official language, along with English",SL,Sierra Leone,Indo-Aryan
South Africa,Africa,minority,ZA,South Africa,Indo-Aryan
Italy,Europe,minority,IT,Italy,Indo-Aryan
United Kingdom,Europe,significant minority,GB,United Kingdom,Indo-Aryan
United States,North America,significant minority,US,United States,Indo-Aryan
Canada,North America,minority,CA,Canada,Indo-Aryan
Australia,Oceania,minority,AU,Australia,Indo-Aryan
Philippines,Aklanon,minority,PH,Philippines,Philippines
Philippines,Bikol,regional,PH,Philippines,Philippines
Philippines,Bolinao,regional,PH,Philippines,Philippines
Philippines,Cebuano,regional,PH,Philippines,Philippines
Philippines,Cuyonon,minority,PH,Philippines,Philippines
Philippines,Filipino,official,PH,Philippines,Philippines
Philippines,Hiligaynon,regional,PH,Philippines,Philippines
United States,Hiligaynon,minority,US,United States,Philippines
Philippines,Ibanag,regional,PH,Philippines,Philippines
Philippines,Ifugao,minority,PH,Philippines,Philippines
Philippines,Ilokano,regional,PH,Philippines,Philippines
Philippines,Ivatan,minority,PH,Philippines,Philippines
Philippines,Kalinga,minority,PH,Philippines,Philippines
Philippines,Kamayo,minority,PH,Philippines,Philippines
Philippines,Kankana-ey,minority,PH,Philippines,Philippines
Philippines,Kapampangan,regional,PH,Philippines,Philippines
Philippines,Kinaray-a,minority,PH,Philippines,Philippines
Philippines,Maguindanao,regional,PH,Philippines,Philippines
Philippines,Maranao,regional,PH,Philippines,Philippines
Philippines,Masbatenyo,minority,PH,Philippines,Philippines
Philippines,Pangasinan,regional,PH,Philippines,Philippines
Philippines,Romblomanon,minority,PH,Philippines,Philippines
Philippines,Surigaonon,minority,PH,Philippines,Philippines
Australia,Tagalog,minority,AU,Australia,Philippines
Brunei,Tagalog,minority,BN,Brunei,Philippines
Canada,Tagalog,minority,CA,Canada,Philippines
Hong Kong,Tagalog,minority,HK,Hong Kong,Philippines
Italy,Tagalog,minority,IT,Italy,Philippines
Japan,Tagalog,minority,JP,Japan,Philippines
Kuwait,Tagalog,minority,KW,Kuwait,Philippines
Malaysia,Tagalog,minority,MY,Malaysia,Philippines
Philippines,Tagalog,regional,PH,Philippines,Philippines
Qatar,Tagalog,minority,QA,Qatar,Philippines
Saudi Arabia,Tagalog,minority,SA,Saudi Arabia,Philippines
Singapore,Tagalog,minority,SG,Singapore,Philippines
Spain,Tagalog,minority,ES,Spain,Philippines
Taiwan,Tagalog,minority,TW,Taiwan,Philippines
United Arab Emirates,Tagalog,minority,AE,United Arab Emirates,Philippines
United Kingdom,Tagalog,minority,GB,United Kingdom,Philippines
United States,Tagalog,minority[3],US,United States,Philippines
Taiwan,Tao,minority,TW,Taiwan,Philippines
Brunei,Tausug,minority,BN,Brunei,Philippines
Indonesia,Tausug,minority,ID,Indonesia,Philippines
Malaysia,Tausug,minority,MY,Malaysia,Philippines
Philippines,Tausug,regional,PH,Philippines,Philippines
Philippines,Waray-Waray,regional,PH,Philippines,Philippines
Philippines,Zambal,regional,PH,Philippines,Philippines
Andorra,Catalan,official,AD,Andorra,Other Italic Lang.
France,Catalan,in Northern Catalonia,FR,France,Other Italic Lang.
Italy,Catalan,a significant minority in Alghero,IT,Italy,Other Italic Lang.
Spain,Catalan,"co-official with Spanish in  Catalonia, the  Balearic Islands, and  Valencian Community. In El Carche (Murcia) and La Franja (Aragon) it is not official.",ES,Spain,Other Italic Lang.
France,Corsican,regional language in  Corsica,FR,France,Other Italic Lang.
Italy,Corsican,minority in  Sardinia,IT,Italy,Other Italic Lang.
Galicia,Galician,co-official with Spanish,,Galicia,Other Italic Lang.
Argentina,Galician,"minority, from immigration",AR,Argentina,Other Italic Lang.
Brazil,Galician,"minority, from immigration",BR,Brazil,Other Italic Lang.
Cuba,Galician,"minority, from immigration",CU,Cuba,Other Italic Lang.
France,Galician,"minority, from immigration",FR,France,Other Italic Lang.
Germany,Galician,"minority, from immigration",DE,Germany,Other Italic Lang.
Switzerland,Galician,"minority, from immigration",CH,Switzerland,Other Italic Lang.
Uruguay,Galician,"minority, from immigration",UY,Uruguay,Other Italic Lang.
Venezuela,Galician,"minority, from immigration",VE,Venezuela,Other Italic Lang.
Jersey,Jèrriais,unofficial,JE,Jersey,Other Italic Lang.
Sark,Jèrriais,unofficial,,Sark,Other Italic Lang.
Vatican City,Latin,"official, but not spoken",,Vatican City,Other Italic Lang.
Portugal,Mirandese,"co-official with Portuguese in the municipalities of Miranda do Douro, Mogadouro and Vimioso",PT,Portugal,Other Italic Lang.
France,Occitan,minority,FR,France,Other Italic Lang.
Italy,Occitan,recognised minority language,IT,Italy,Other Italic Lang.
Spain,Occitan,co-official with Catalan and Spanish in  Catalonia,ES,Spain,Other Italic Lang.
Bulgaria,Romanian,minority,BG,Bulgaria,Other Italic Lang.
Italy,Romanian,minority,IT,Italy,Other Italic Lang.
Moldova,Romanian,official,MD,Moldova,Other Italic Lang.
Romania,Romanian,official,RO,Romania,Other Italic Lang.
Spain,Romanian,minority,ES,Spain,Other Italic Lang.
Serbia,Romanian,co-official in province of Vojvodina with 5 other languages,RS,Serbia,Other Italic Lang.
Switzerland,Romansh,"co-official with French, Italian, and German",CH,Switzerland,Other Italic Lang.
China,(Miao),minority,CN,China,Hmong–Mien
Vietnam,(Miao),minority,VN,Vietnam,Hmong–Mien
Laos,(Miao),minority,LA,Laos,Hmong–Mien
Thailand,(Miao),minority,TH,Thailand,Hmong–Mien
United States,(Miao),minority,US,United States,Hmong–Mien
Australia,(Miao),minority,AU,Australia,Hmong–Mien
France,(Miao),minority,FR,France,Hmong–Mien
Vietnam,(Miao),"minority, called ""Dao""",VN,Vietnam,Hmong–Mien
Laos,(Miao),minority,LA,Laos,Hmong–Mien
Thailand,(Miao),minority,TH,Thailand,Hmong–Mien
South Africa,Afrikaans,co-official with 10 other languages,ZA,South Africa,Germanic
Namibia,Afrikaans,unofficial,NA,Namibia,Germanic
United States,Afrikaans,minority,US,United States,Germanic
Netherlands,Afrikaans,minority,NL,Netherlands,Germanic
United Kingdom,Afrikaans,minority,GB,United Kingdom,Germanic
Germany,Afrikaans,minority,DE,Germany,Germanic
Belgium,Afrikaans,minority,BE,Belgium,Germanic
Australia,Afrikaans,minority,AU,Australia,Germanic
Argentina,Afrikaans,minority,AR,Argentina,Germanic
France,Alsatian,regional language in  Alsace,FR,France,Germanic
Denmark,Danish,official,DK,Denmark,Germanic
Germany,Danish,"in  Schleswig-Holstein, official recognised minority language",DE,Germany,Germanic
Faroe Islands,Danish,co-official alongside with Faroese,FO,Faroe Islands,Germanic
Greenland,Danish,minority,GL,Greenland,Germanic
Iceland,Danish,minority,IS,Iceland,Germanic
Faroe Islands,Faroese,co-official with Danish,FO,Faroe Islands,Germanic
Denmark,Faroese,unofficial,DK,Denmark,Germanic
Denmark,Frisian,minority,DK,Denmark,Germanic
Germany,Frisian,official recognised minority language,DE,Germany,Germanic
Netherlands,Frisian,minority language in  Friesland,NL,Netherlands,Germanic
Iceland,Icelandic,official,IS,Iceland,Germanic
Denmark,Icelandic,minority,DK,Denmark,Germanic
Netherlands,Icelandic,"Nederduits, recognized as regional language",NL,Netherlands,Germanic
Norway,Norwegian,"official, including Svalbard and Jan Mayen",NO,Norway,Germanic
Scotland,Scots,minority in Scotland,,Scotland,Germanic
Ireland,Scots,minority in Ireland,IE,Ireland,Germanic
Sweden,Swedish,official,SE,Sweden,Germanic
Finland,Swedish,co-official with Finnish.,FI,Finland,Germanic
Åland Islands,Swedish,official,,Åland Islands,Germanic
Estonia,Swedish,minority,EE,Estonia,Germanic
Afghanistan,Balochi,minority,AF,Afghanistan,Iranian
Iran,Balochi,significant minority in Balochistan,IR,Iran,Iranian
Pakistan,Balochi,Majority in Balochistan,PK,Pakistan,Iranian
United Arab Emirates,Balochi,minority,AE,United Arab Emirates,Iranian
Afghanistan,Persian,"co-official as Dari, with Pashto",AF,Afghanistan,Iranian
Bahrain,Persian,minority,BH,Bahrain,Iranian
Germany,Persian,minority,DE,Germany,Iranian
Iran,Persian,official,IR,Iran,Iranian
Iraq,Persian,significant minority,IQ,Iraq,Iranian
Pakistan,Persian,minority,PK,Pakistan,Iranian
Qatar,Persian,minority,QA,Qatar,Iranian
Russia,Persian,minority,RU,Russia,Iranian
Tajikistan,Persian,"official, as Tajik",TJ,Tajikistan,Iranian
United Arab Emirates,Persian,minority,AE,United Arab Emirates,Iranian
United States,Persian,minority,US,United States,Iranian
Uzbekistan,Persian,minority,UZ,Uzbekistan,Iranian
Afghanistan,Tajik,significant minority,AF,Afghanistan,Iranian
Iran,Tajik,minority,IR,Iran,Iranian
Kazakhstan,Tajik,minority,KZ,Kazakhstan,Iranian
Kyrgyzstan,Tajik,minority,KG,Kyrgyzstan,Iranian
Pakistan,Tajik,minority,PK,Pakistan,Iranian
Tajikistan,Tajik,official,TJ,Tajikistan,Iranian
Uzbekistan,Tajik,minority,UZ,Uzbekistan,Iranian
China,Tajik,minority,CN,China,Iranian
Turkmenistan,Tajik,minority,TM,Turkmenistan,Iranian
Russia,Tajik,minority,RU,Russia,Iranian
Armenia,Kurdish,recognized minority,AM,Armenia,Iranian
Iran,Kurdish,regional,IR,Iran,Iranian
Iraq,Kurdish,co-official with Arabic,IQ,Iraq,Iranian
Syria,Kurdish,significant minority,SY,Syria,Iranian
Turkey,Kurdish,significant minority,TR,Turkey,Iranian
Iran,Mazandarani,"unofficial, in Māzandarān Province",IR,Iran,Iranian
Afghanistan,Pashto,co-official with Dari,AF,Afghanistan,Iranian
Iran,Pashto,minority,IR,Iran,Iranian
Pakistan,Pashto,majority in Khyber Pakhtunkhwa and FATA,PK,Pakistan,Iranian
United Arab Emirates,Pashto,minority,AE,United Arab Emirates,Iranian
See also: Basque Country (historical territory),,,,See also: Basque Country (historical territory),Language isolate
France,,majority in Northern Basque Country,FR,France,Language isolate
Spain,,co-official with Spanish in  Basque Country and parts of  Navarre,ES,Spain,Language isolate
Brazil,Korean,minority,BR,Brazil,Language isolate
China,Korean,"minority, co-official with Chinese in Yanbian Korean Autonomous Prefecture in Jilin Province",CN,China,Language isolate
Japan,Korean,minority,JP,Japan,Language isolate
North Korea,Korean,official,KP,North Korea,Language isolate
South Korea,Korean,official,KR,South Korea,Language isolate
United States,Korean,not official – minority[3],US,United States,Language isolate
India,Nihali,"minority, endangered language",IN,India,Language isolate
Albania,Albanian,official,AL,Albania,Albanian
Kosovo,Albanian,official,,Kosovo,Albanian
Macedonia,Albanian,significant minority,MK,Macedonia,Albanian
Italy,Albanian,"significant minority, also as Arbëreshë",IT,Italy,Albanian
Montenegro,Albanian,minority,ME,Montenegro,Albanian
Greece,Albanian,"significant minority, also as Arvanitika",GR,Greece,Albanian
Serbia,Albanian,minority,RS,Serbia,Albanian
Romania,Albanian,minority,RO,Romania,Albanian
Switzerland,Albanian,minority,CH,Switzerland,Albanian
South Africa,Cantonese,minority,ZA,South Africa,Cantonese
China,Cantonese,regional,CN,China,Cantonese
Indonesia,Cantonese,minority,ID,Indonesia,Cantonese
Malaysia,Cantonese,minority,MY,Malaysia,Cantonese
Philippines,Cantonese,minority,PH,Philippines,Cantonese
Singapore,Cantonese,minority,SG,Singapore,Cantonese
Thailand,Cantonese,minority,TH,Thailand,Cantonese
Vietnam,Cantonese,minority,VN,Vietnam,Cantonese
United Kingdom,Cantonese,minority,GB,United Kingdom,Cantonese
Canada,Cantonese,minority,CA,Canada,Cantonese
United States,Cantonese,minority,US,United States,Cantonese
Australia,Cantonese,minority,AU,Australia,Cantonese
New Zealand,Cantonese,minority,NZ,New Zealand,Cantonese
Brazil,Cantonese,minority,BR,Brazil,Cantonese
Peru,Cantonese,minority,PE,Peru,Cantonese
Angola,Yue Chinese,minority,AO,Angola,Yue Chinese
Cape Verde,Yue Chinese,minority,CV,Cape Verde,Yue Chinese
Mauritius,Yue Chinese,minority,MU,Mauritius,Yue Chinese
South Africa,Yue Chinese,minority,ZA,South Africa,Yue Chinese
Brunei,Yue Chinese,minority,BN,Brunei,Yue Chinese
Cambodia,Yue Chinese,minority,KH,Cambodia,Yue Chinese
China,Yue Chinese,regional,CN,China,Yue Chinese
Hong Kong,Yue Chinese,co-official with English,HK,Hong Kong,Yue Chinese
Indonesia,Yue Chinese,minority,ID,Indonesia,Yue Chinese
Japan,Yue Chinese,minority,JP,Japan,Yue Chinese
Laos,Yue Chinese,minority,LA,Laos,Yue Chinese
Macau,Yue Chinese,co-official with Portuguese,MO,Macau,Yue Chinese
Malaysia,Yue Chinese,minority,MY,Malaysia,Yue Chinese
Burma,Yue Chinese,minority,MM,Burma,Yue Chinese
North Korea,Yue Chinese,minority,KP,North Korea,Yue Chinese
Philippines,Yue Chinese,minority,PH,Philippines,Yue Chinese
Singapore,Yue Chinese,minority,SG,Singapore,Yue Chinese
South Korea,Yue Chinese,minority,KR,South Korea,Yue Chinese
Thailand,Yue Chinese,minority,TH,Thailand,Yue Chinese
Vietnam,Yue Chinese,minority,VN,Vietnam,Yue Chinese
Bulgaria,Yue Chinese,minority,BG,Bulgaria,Yue Chinese
France,Yue Chinese,minority,FR,France,Yue Chinese
Germany,Yue Chinese,minority,DE,Germany,Yue Chinese
Ireland,Yue Chinese,minority,IE,Ireland,Yue Chinese
Italy,Yue Chinese,minority,IT,Italy,Yue Chinese
Netherlands,Yue Chinese,minority,NL,Netherlands,Yue Chinese
Romania,Yue Chinese,minority,RO,Romania,Yue Chinese
Russia,Yue Chinese,minority,RU,Russia,Yue Chinese
Serbia,Yue Chinese,minority,RS,Serbia,Yue Chinese
Spain,Yue Chinese,minority,ES,Spain,Yue Chinese
United Kingdom,Yue Chinese,minority,GB,United Kingdom,Yue Chinese
Canada,Yue Chinese,minority,CA,Canada,Yue Chinese
Cuba,Yue Chinese,minority,CU,Cuba,Yue Chinese
Dominican Republic,Yue Chinese,minority,DO,Dominican Republic,Yue Chinese
Jamaica,Yue Chinese,minority,JM,Jamaica,Yue Chinese
Mexico,Yue Chinese,minority,MX,Mexico,Yue Chinese
Nicaragua,Yue Chinese,minority,NI,Nicaragua,Yue Chinese
Panama,Yue Chinese,minority,PA,Panama,Yue Chinese
Trinidad and Tobago,Yue Chinese,minority,TT,Trinidad and Tobago,Yue Chinese
United States,Yue Chinese,minority,US,United States,Yue Chinese
Australia,Yue Chinese,minority,AU,Australia,Yue Chinese
Fiji,Yue Chinese,minority,FJ,Fiji,Yue Chinese
New Zealand,Yue Chinese,minority,NZ,New Zealand,Yue Chinese
Samoa,Yue Chinese,minority,WS,Samoa,Yue Chinese
Tonga,Yue Chinese,minority,TO,Tonga,Yue Chinese
Argentina,Yue Chinese,minority,AR,Argentina,Yue Chinese
Brazil,Yue Chinese,minority,BR,Brazil,Yue Chinese
Chile,Yue Chinese,regional,CL,Chile,Yue Chinese
Guyana,Yue Chinese,minority,GY,Guyana,Yue Chinese
Peru,Yue Chinese,minority,PE,Peru,Yue Chinese
Suriname,Yue Chinese,minority,SR,Suriname,Yue Chinese
Greece,Greek,official,GR,Greece,Greek
Cyprus,Greek,co-official with Turkish,CY,Cyprus,Greek
Albania,Greek,"significant minority, widely spoken and co-official with Albanian in Himara, Dropull, Finiq and Derviçan regions",AL,Albania,Greek
Macedonia,Greek,minority,MK,Macedonia,Greek
Russia,Greek,minority,RU,Russia,Greek
Ukraine,Greek,minority,UA,Ukraine,Greek
Turkey,Greek,minority,TR,Turkey,Greek
Italy,Greek,minority,IT,Italy,Greek
Armenia,Greek,minority,AM,Armenia,Greek
Romania,Greek,minority,RO,Romania,Greek
Hungary,Greek,minority,HU,Hungary,Greek
Syria,Greek,minority,SY,Syria,Greek
United States,Greek,minority,US,United States,Greek
Australia,Greek,minority,AU,Australia,Greek
Botswana,English,co-official with Tswana,BW,Botswana,English
Cameroon,English,co-official with French,CM,Cameroon,English
Gambia,English,official,GM,Gambia,English
Ghana,English,official,GH,Ghana,English
Kenya,English,co-official with Swahili,KE,Kenya,English
Lesotho,English,co-official with Sesotho,LS,Lesotho,English
Liberia,English,official,LR,Liberia,English
Malawi,English,official,MW,Malawi,English
Mauritius,English,official,MU,Mauritius,English
Namibia,English,official,NA,Namibia,English
Nigeria,English,official,NG,Nigeria,English
Rwanda,English,co-official with Kinyarwanda and French,RW,Rwanda,English
Seychelles,English,co-official with French and Seychellois Creole,SC,Seychelles,English
Sierra Leone,English,official,SL,Sierra Leone,English
South Africa,English,co-official with 10 other languages,ZA,South Africa,English
South Sudan,English,official,SS,South Sudan,English
Swaziland,English,co-official with Swati,SZ,Swaziland,English
Uganda,English,co-official with Swahili,UG,Uganda,English
Zambia,English,official,ZM,Zambia,English
Zimbabwe,English,official,ZW,Zimbabwe,English
Bahrain,English,Unofficial,BH,Bahrain,English
India,English,co-official with 21 other languages,IN,India,English
Lebanon,English,significant minority,LB,Lebanon,English
Pakistan,English,co-official with Urdu,PK,Pakistan,English
Philippines,English,"co-official with Filipino, and with regional languages as auxiliary official languages[2]",PH,Philippines,English
Singapore,English,"co-official with Tamil, Mandarin, and Malay",SG,Singapore,English
Sri Lanka,English,co-official,LK,Sri Lanka,English
Bangladesh,English,de facto co-official with Bengali,BD,Bangladesh,English
Malaysia,English,"co-official with Tamil, Mandarin, and Malay",MY,Malaysia,English
Brunei,English,"co-official with Mandarin, and Malay",BN,Brunei,English
Ireland,English,"co-official with Irish, see Hiberno-English",IE,Ireland,English
Malta,English,co-official with Maltese,MT,Malta,English
United Kingdom,English,"co-official with Welsh, see British English",GB,United Kingdom,English
Antigua and Barbuda,English,official,AG,Antigua and Barbuda,English
Bahamas,English,official,BS,Bahamas,English
Barbados,English,official,BB,Barbados,English
Belize,English,official,BZ,Belize,English
Canada,English,"official, see Canadian English",CA,Canada,English
Dominica,English,official,DM,Dominica,English
Grenada,English,official,GD,Grenada,English
Jamaica,English,"official, see Jamaican English",JM,Jamaica,English
Saint Kitts and Nevis,English,official,KN,Saint Kitts and Nevis,English
Saint Lucia,English,official,LC,Saint Lucia,English
Saint Vincent and the Grenadines,English,official,VC,Saint Vincent and the Grenadines,English
Trinidad and Tobago,English,official,TT,Trinidad and Tobago,English
United States,English,"de facto, see American English",US,United States,English
Australia,English,"de facto, see Australian English",AU,Australia,English
Fiji,English,co-official with Fijian and Hindustani,FJ,Fiji,English
Kiribati,English,co-official with Kiribati,KI,Kiribati,English
Marshall Islands,English,co-official with Marshallese,MH,Marshall Islands,English
Nauru,English,de facto,NR,Nauru,English
New Zealand,English,co-official with Māori and New Zealand Sign Language; see also New Zealand English,NZ,New Zealand,English
Palau,English,co-official with Palauan,PW,Palau,English
Papua New Guinea,English,co-official with Tok Pisin and Hiri Motu,PG,Papua New Guinea,English
Solomon Islands,English,official,SB,Solomon Islands,English
Vanuatu,English,co-official with Bislama and French,VU,Vanuatu,English
Guyana,English,official,GY,Guyana,English
American Samoa,English,co-official with Samoan,AS,American Samoa,English
British Indian Ocean Territory,English,de facto,IO,British Indian Ocean Territory,English
Anguilla,English,official,AI,Anguilla,English
Bermuda,English,official,BM,Bermuda,English
British Virgin Islands,English,official,,British Virgin Islands,English
Cayman Islands,English,official,KY,Cayman Islands,English
Christmas Island,English,official,CX,Christmas Island,English
Cook Islands,English,co-official with Cook Islands Māori,CK,Cook Islands,English
Falkland Islands,English,official,,Falkland Islands,English
Gibraltar,English,official,GI,Gibraltar,English
Guam,English,co-official with Chamorro,GU,Guam,English
Guernsey,English,official,GG,Guernsey,English
Hong Kong,English,co-official with Chinese,HK,Hong Kong,English
Isle of Man,English,official,IM,Isle of Man,English
Jersey,English,official,JE,Jersey,English
Montserrat,English,official,MS,Montserrat,English
Norfolk Island,English,co-official with Norfuk,NF,Norfolk Island,English
Northern Mariana Islands,English,co-official with Chamorro and Carolinian,MP,Northern Mariana Islands,English
Pitcairn Islands,English,co-official with Pitkern,,Pitcairn Islands,English
Puerto Rico,English,co-official with Spanish,PR,Puerto Rico,English
"Saint Helena, Ascension and Tristan da Cunha",English,official,SH,"Saint Helena, Ascension and Tristan da Cunha",English
South Georgia and the South Sandwich Islands,English,official,GS,South Georgia and the South Sandwich Islands,English
Turks and Caicos Islands,English,official,TC,Turks and Caicos Islands,English
U.S. Virgin Islands,English,official,,U.S. Virgin Islands,English
Canada,Baltic,"unofficial, spoken in Canada",CA,Canada,Baltic
Latvia,Latgalian,"unofficial, spoken in Latgale",LV,Latvia,Baltic
Russia,Latgalian,significant minority in Siberia,RU,Russia,Baltic
Latvia,Latvian,official,LV,Latvia,Baltic
Latvia,Lithuanian,minority,LV,Latvia,Baltic
Lithuania,Lithuanian,official,LT,Lithuania,Baltic
Poland,Lithuanian,"minority, majority in the city of Puńsk",PL,Poland,Baltic
Indonesia,Batak Toba,minority,ID,Indonesia,Sunda–Sulawesi
Indonesia,Buginese,minority,ID,Indonesia,Sunda–Sulawesi
Malaysia,Buginese,minority,MY,Malaysia,Sunda–Sulawesi
Guam,Chamorro,official,GU,Guam,Sunda–Sulawesi
Northern Mariana Islands,Chamorro,official,MP,Northern Mariana Islands,Sunda–Sulawesi
Russia,Evenki,"minority, in Siberia",RU,Russia,Standard Chinese
China,Evenki,"minority, in Evenki Autonomous Banner of Inner Mongolia",CN,China,Standard Chinese
Mongolia,Evenki,minority,MN,Mongolia,Standard Chinese
Russia,Nanai (Hezhen),"minority, in Khabarovsk Krai",RU,Russia,Standard Chinese
China,Nanai (Hezhen),"minority, in Heilongjiang Province",CN,China,Standard Chinese
Albania,Italian,"unofficial, but widely spoken; some 70% of the population",AL,Albania,Italian
Belgium,Italian,minority,BE,Belgium,Italian
Croatia,Italian,official status in Istria,HR,Croatia,Italian
France,Italian,minority language in  Corsica,FR,France,Italian
Germany,Italian,minority,DE,Germany,Italian
Greece,Italian,minority,GR,Greece,Italian
Italy,Italian,official,IT,Italy,Italian
Luxembourg,Italian,minority,LU,Luxembourg,Italian
Malta,Italian,"unofficial, but widely spoken; some 66% of the population",MT,Malta,Italian
Monaco,Italian,"unofficial, but widely spoken",MC,Monaco,Italian
San Marino,Italian,official,SM,San Marino,Italian
Slovenia,Italian,"co-official in Koper, Izola and Piran",SI,Slovenia,Italian
Switzerland,Italian,"co-official with French, German, and Romansh",CH,Switzerland,Italian
Vatican City,Italian,official,,Vatican City,Italian
Eritrea,Italian,minority,ER,Eritrea,Italian
Libya,Italian,minority,LY,Libya,Italian
Somalia,Italian,minority,SO,Somalia,Italian
Argentina,Italian,minority,AR,Argentina,Italian
Brazil,Italian,minority,BR,Brazil,Italian
Canada,Italian,minority,CA,Canada,Italian
Peru,Italian,minority,PE,Peru,Italian
United States,Italian,minority[3],US,United States,Italian
Uruguay,Italian,minority,UY,Uruguay,Italian
Venezuela,Italian,minority,VE,Venezuela,Italian
Australia,Italian,minority,AU,Australia,Italian
Portugal,Europe,official,PT,Portugal,Portuguese
Spain,Europe,significant minority in Olivenza,ES,Spain,Portuguese
France,Europe,significant minority,FR,France,Portuguese
Luxembourg,Europe,significant minority,LU,Luxembourg,Portuguese
Switzerland,Europe,significant minority,CH,Switzerland,Portuguese
Andorra,Europe,significant minority,AD,Andorra,Portuguese
Germany,Europe,significant minority,DE,Germany,Portuguese
Angola,Africa,official,AO,Angola,Portuguese
Cape Verde,Africa,official,CV,Cape Verde,Portuguese
Guinea-Bissau,Africa,official,GW,Guinea-Bissau,Portuguese
Equatorial Guinea,Africa,co-official with Spanish and French,GQ,Equatorial Guinea,Portuguese
Mozambique,Africa,official,MZ,Mozambique,Portuguese
São Tomé and Príncipe,Africa,official,,São Tomé and Príncipe,Portuguese
South Africa,Africa,minority,ZA,South Africa,Portuguese
Namibia,Africa,minority,NA,Namibia,Portuguese
Timor-Leste,Asia,co-official with Tetum,TL,Timor-Leste,Portuguese
Japan,Asia,significant minority; see Brazilians in Japan,JP,Japan,Portuguese
Macau,Asia,co-official with Chinese,MO,Macau,Portuguese
India,Asia,minority in Goa State,IN,India,Portuguese
United States,North America,significant minority,US,United States,Portuguese
Canada,North America,significant minority,CA,Canada,Portuguese
Brazil,South America,"official, see Brazilian Portuguese",BR,Brazil,Portuguese
Paraguay,South America,significant minority,PY,Paraguay,Portuguese
Uruguay,South America,minority; see Portuñol,UY,Uruguay,Portuguese
Venezuela,South America,significant minority,VE,Venezuela,Portuguese
France,Japanese,minority,FR,France,Japonic languages
Japan,Japanese,official,JP,Japan,Japonic languages
Philippines,Japanese,minority,PH,Philippines,Japonic languages
Peru,Japanese,minority,PE,Peru,Japonic languages
United States,Japanese,minority,US,United States,Japonic languages
Palau,Japanese,Official in Angaur,PW,Palau,Japonic languages
Brazil,Japanese,minority,BR,Brazil,Japonic languages
Japan,Ryukyuan,minority,JP,Japan,Japonic languages
Brazil,Ryukyuan,minority,BR,Brazil,Japonic languages
Angola,Hakka,minority,AO,Angola,Hakka
Cape Verde,Hakka,minority,CV,Cape Verde,Hakka
Mauritius,Hakka,minority,MU,Mauritius,Hakka
South Africa,Hakka,minority,ZA,South Africa,Hakka
Brunei,Hakka,minority,BN,Brunei,Hakka
Cambodia,Hakka,minority,KH,Cambodia,Hakka
China,Hakka,regional,CN,China,Hakka
Hong Kong,Hakka,minority,HK,Hong Kong,Hakka
Indonesia,Hakka,minority,ID,Indonesia,Hakka
Japan,Hakka,minority,JP,Japan,Hakka
Laos,Hakka,minority,LA,Laos,Hakka
Macau,Hakka,minority,MO,Macau,Hakka
Malaysia,Hakka,minority,MY,Malaysia,Hakka
Burma,Hakka,minority,MM,Burma,Hakka
North Korea,Hakka,minority,KP,North Korea,Hakka
Philippines,Hakka,minority,PH,Philippines,Hakka
Singapore,Hakka,minority,SG,Singapore,Hakka
South Korea,Hakka,minority,KR,South Korea,Hakka
Taiwan,Hakka,minority,TW,Taiwan,Hakka
Thailand,Hakka,minority,TH,Thailand,Hakka
Vietnam,Hakka,minority,VN,Vietnam,Hakka
Bulgaria,Hakka,minority,BG,Bulgaria,Hakka
France,Hakka,minority,FR,France,Hakka
Germany,Hakka,minority,DE,Germany,Hakka
Ireland,Hakka,minority,IE,Ireland,Hakka
Italy,Hakka,minority,IT,Italy,Hakka
Netherlands,Hakka,minority,NL,Netherlands,Hakka
Romania,Hakka,minority,RO,Romania,Hakka
Russia,Hakka,minority,RU,Russia,Hakka
Serbia,Hakka,minority,RS,Serbia,Hakka
Spain,Hakka,minority,ES,Spain,Hakka
United Kingdom,Hakka,minority,GB,United Kingdom,Hakka
Canada,Hakka,minority,CA,Canada,Hakka
Cuba,Hakka,minority,CU,Cuba,Hakka
Dominican Republic,Hakka,minority,DO,Dominican Republic,Hakka
Jamaica,Hakka,minority,JM,Jamaica,Hakka
Mexico,Hakka,minority,MX,Mexico,Hakka
Nicaragua,Hakka,minority,NI,Nicaragua,Hakka
Panama,Hakka,minority,PA,Panama,Hakka
Trinidad and Tobago,Hakka,minority,TT,Trinidad and Tobago,Hakka
United States,Hakka,minority,US,United States,Hakka
Australia,Hakka,minority,AU,Australia,Hakka
Fiji,Hakka,minority,FJ,Fiji,Hakka
New Zealand,Hakka,minority,NZ,New Zealand,Hakka
Samoa,Hakka,minority,WS,Samoa,Hakka
Tonga,Hakka,minority,TO,Tonga,Hakka
Argentina,Hakka,minority,AR,Argentina,Hakka
Brazil,Hakka,minority,BR,Brazil,Hakka
Chile,Hakka,regional,CL,Chile,Hakka
Guyana,Hakka,minority,GY,Guyana,Hakka
Peru,Hakka,minority,PE,Peru,Hakka
Suriname,Hakka,minority,SR,Suriname,Hakka
Azerbaijan,Azerbaijani,official,AZ,Azerbaijan,Turkic languages
Iran,Azerbaijani,co-official in Iranian Azerbaijan,IR,Iran,Turkic languages
Iraq,Azerbaijani,minority,IQ,Iraq,Turkic languages
Georgia,Azerbaijani,regional,GE,Georgia,Turkic languages
Russia,Azerbaijani,co-official in Dagestan,RU,Russia,Turkic languages
Syria,Azerbaijani,minority,SY,Syria,Turkic languages
Turkey,Azerbaijani,regional,TR,Turkey,Turkic languages
Ukraine,Azerbaijani,minority,UA,Ukraine,Turkic languages
Belarus,Azerbaijani,minority,BY,Belarus,Turkic languages
China,Uyghur,"regional, co-official with Chinese in Xinjiang Uyghur Autonomous Region",CN,China,Turkic languages
Kazakhstan,Uyghur,minority,KZ,Kazakhstan,Turkic languages
Afghanistan,Uzbek,minority,AF,Afghanistan,Turkic languages
China,Uzbek,minority,CN,China,Turkic languages
Kyrgyzstan,Uzbek,minority,KG,Kyrgyzstan,Turkic languages
Russia,Uzbek,minority,RU,Russia,Turkic languages
Tajikistan,Uzbek,minority,TJ,Tajikistan,Turkic languages
Turkmenistan,Uzbek,minority,TM,Turkmenistan,Turkic languages
Uzbekistan,Uzbek,official,UZ,Uzbekistan,Turkic languages
Afghanistan,Kazakh,minority,AF,Afghanistan,Turkic languages
China,Kazakh,"regional, co-official with Chinese in Ili Kazakh Autonomous Prefecture in Xinjiang Uyghur Autonomous Region",CN,China,Turkic languages
Iran,Kazakh,minority,IR,Iran,Turkic languages
Kazakhstan,Kazakh,official,KZ,Kazakhstan,Turkic languages
Mongolia,Kazakh,minority,MN,Mongolia,Turkic languages
Russia,Kazakh,minority,RU,Russia,Turkic languages
Tajikistan,Kazakh,minority,TJ,Tajikistan,Turkic languages
Turkey,Kazakh,minority,TR,Turkey,Turkic languages
Turkmenistan,Kazakh,minority,TM,Turkmenistan,Turkic languages
Ukraine,Kazakh,minority,UA,Ukraine,Turkic languages
Uzbekistan,Kazakh,minority,UZ,Uzbekistan,Turkic languages
Afghanistan,Kyrgyz,minority,AF,Afghanistan,Turkic languages
China,Kyrgyz,minority,CN,China,Turkic languages
Kyrgyzstan,Kyrgyz,official,KG,Kyrgyzstan,Turkic languages
Pakistan,Kyrgyz,minority,PK,Pakistan,Turkic languages
Tajikistan,Kyrgyz,minority,TJ,Tajikistan,Turkic languages
Turkey,Turkish,official,TR,Turkey,Turkic languages
Cyprus,Turkish,co-official with Greek,CY,Cyprus,Turkic languages
Iraq,Turkish,recognized regional lang.,IQ,Iraq,Turkic languages
Afghanistan,Turkish,recognized regional lang.,AF,Afghanistan,Turkic languages
Kosovo,Turkish,recognized regional lang.,,Kosovo,Turkic languages
Macedonia,Turkish,recognized regional lang.,MK,Macedonia,Turkic languages
Romania,Turkish,recognized minority lang.,RO,Romania,Turkic languages
Bulgaria,Turkish,minority,BG,Bulgaria,Turkic languages
Greece,Turkish,minority,GR,Greece,Turkic languages
Germany,Turkish,significant minority,DE,Germany,Turkic languages
Turkmenistan,Turkmen,official,TM,Turkmenistan,Turkic languages
Iraq,Turkmen,majority in northern Iraq,IQ,Iraq,Turkic languages
Iran,Turkmen,minority,IR,Iran,Turkic languages
Afghanistan,Turkmen,minority,AF,Afghanistan,Turkic languages
Russia,Turkmen,spoken in Stavropol Krai,RU,Russia,Turkic languages
Turkey,Turkmen,minority,TR,Turkey,Turkic languages
Găgăuzia,Gagauz,"official language of the autonomous region of Gagauzia, Moldova",,Găgăuzia,Turkic languages
Moldova,Gagauz,recognized minority language,MD,Moldova,Turkic languages
Ukraine,Gagauz,recognized minority language,UA,Ukraine,Turkic languages
Tatarstan,Tatar,official language of the Republic of Tatarstan,,Tatarstan,Turkic languages
Russia,Tatar,spoken in Russia and in former Soviet Union,RU,Russia,Turkic languages
Turkey,Tatar,minority,TR,Turkey,Turkic languages
Crimea  Ukraine,Crimean Tatar,spoken and protected but not officially recognized language of Ukraine,,Crimea  Ukraine,Turkic languages
Romania,Crimean Tatar,minority language in Dobroudja,RO,Romania,Turkic languages
Turkey,Crimean Tatar,minority,TR,Turkey,Turkic languages
Austria,German,official,AT,Austria,German
Germany,German,official,DE,Germany,German
Liechtenstein,German,official,LI,Liechtenstein,German
Switzerland,German,co-official with French and Italian,CH,Switzerland,German
Belgium,German,official,BE,Belgium,German
Hungary,German,co-official with Hungarian in the city of Sopron,HU,Hungary,German
Italy,German,co-official with Italian in South Tyrol,IT,Italy,German
Luxembourg,German,co-official with French and Luxembourgish,LU,Luxembourg,German
Poland,German,co-official as auxiliary language in the Opole Voivodeship,PL,Poland,German
Vatican City,German,"official with other languages, language of the Swiss Guard",,Vatican City,German
France,German,minority in Alsace and Lorraine,FR,France,German
Czech Republic,German,minority,CZ,Czech Republic,German
Denmark,German,minority,DK,Denmark,German
Romania,German,minority,RO,Romania,German
Russia,German,minority,RU,Russia,German
Namibia,German,co-official as auxiliary language,NA,Namibia,German
Kazakhstan,German,minority,KZ,Kazakhstan,German
United States,German,minority[3],US,United States,German
Argentina,German,minority,AR,Argentina,German
Brazil,German,minority,BR,Brazil,German
Chile,German,minority,CL,Chile,German
Northern Mariana Islands,Carolinian,official,MP,Northern Mariana Islands,Micronesian
Guam,Carolinian,minority,GU,Guam,Micronesian
FS. Micronesia,Chuukese,regional,FM,FS. Micronesia,Micronesian
Fiji,Gilbertese,minority,FJ,Fiji,Micronesian
Kiribati,Gilbertese,official,KI,Kiribati,Micronesian
Nauru,Gilbertese,minority,NR,Nauru,Micronesian
Solomon Islands,Gilbertese,minority,SB,Solomon Islands,Micronesian
Tuvalu,Gilbertese,minority,TV,Tuvalu,Micronesian
Vanuatu,Gilbertese,minority,VU,Vanuatu,Micronesian
FS. Micronesia,Kosraean,regional,FM,FS. Micronesia,Micronesian
Marshall Islands,Marshallese,official,MH,Marshall Islands,Micronesian
Nauru,Nauruan,official,NR,Nauru,Micronesian
FS. Micronesia,Pohnpeian,regional,FM,FS. Micronesia,Micronesian
Palau,Sosorolese,regional,PW,Palau,Micronesian
Palau,Tobian,regional,PW,Palau,Micronesian
FS. Micronesia,Ulithian,regional,FM,FS. Micronesia,Micronesian
FS. Micronesia,Yapese,regional,FM,FS. Micronesia,Micronesian
Judaism,Hebrew,Liturgical language of Judaism,,Judaism,Other Semitic Lang.
Israel,Hebrew,official,IL,Israel,Other Semitic Lang.
Malta,Maltese,official,MT,Malta,Other Semitic Lang.
Australia,Maltese,minority,AU,Australia,Other Semitic Lang.
Canada,Maltese,minority,CA,Canada,Other Semitic Lang.
Italy,Maltese,minority,IT,Italy,Other Semitic Lang.
United States,Maltese,minority,US,United States,Other Semitic Lang.
China,Gaoyang,regional,CN,China,Other Sinitic Lang.
China,Hui,regional,CN,China,Other Sinitic Lang.
China,Jin,regional,CN,China,Other Sinitic Lang.
China,Hainanese,regional,CN,China,Other Sinitic Lang.
China,Pinghua,regional,CN,China,Other Sinitic Lang.
China,Wu,regional,CN,China,Other Sinitic Lang.
Hong Kong,Wu,minority,HK,Hong Kong,Other Sinitic Lang.
United States,Wu,minority,US,United States,Other Sinitic Lang.
China,Xiang,regional,CN,China,Other Sinitic Lang.
Spain,Europe,official,ES,Spain,Spanish
Andorra,Europe,majority,AD,Andorra,Spanish
France,Europe,minority,FR,France,Spanish
Germany,Europe,minority,DE,Germany,Spanish
Gibraltar,Europe,not official – majority,GI,Gibraltar,Spanish
Italy,Europe,minority,IT,Italy,Spanish
United Kingdom,Europe,minority,GB,United Kingdom,Spanish
Equatorial Guinea,Africa,co-official with Portuguese and French,GQ,Equatorial Guinea,Spanish
Morocco,Africa,not official – minority,MA,Morocco,Spanish
Western Sahara,Africa,co-official with Arabic,EH,Western Sahara,Spanish
Ceuta,Africa,official,,Ceuta,Spanish
Melilla,Africa,official,,Melilla,Spanish
Canary Islands,Africa,official,,Canary Islands,Spanish
"Gabon, Cocobeach",Africa,official,,"Gabon, Cocobeach",Spanish
Japan,Asia,minority,JP,Japan,Spanish
Philippines,Asia,"former official language, spoken by a minority",PH,Philippines,Spanish
Belize,North America,"plurality, but unofficial",BZ,Belize,Spanish
Costa Rica,North America,official,CR,Costa Rica,Spanish
Cuba,North America,official,CU,Cuba,Spanish
Dominican Republic,North America,official,DO,Dominican Republic,Spanish
El Salvador,North America,official,SV,El Salvador,Spanish
Guatemala,North America,official,GT,Guatemala,Spanish
Honduras,North America,official,HN,Honduras,Spanish
Mexico,North America,de facto,MX,Mexico,Spanish
Nicaragua,North America,official,NI,Nicaragua,Spanish
Panama,North America,official,PA,Panama,Spanish
United States,North America,Co-official language in New Mexico and Puerto Rico. Spoken by a majority in PR and a significant minority in NM. Minority elsewhere[3],US,United States,Spanish
Argentina,South America,official,AR,Argentina,Spanish
Bolivia,South America,co-official with Quechua and Aymara,,Bolivia,Spanish
Brazil,South America,not official – minority,BR,Brazil,Spanish
Chile,South America,official,CL,Chile,Spanish
Colombia,South America,official,CO,Colombia,Spanish
Ecuador,South America,official,EC,Ecuador,Spanish
Paraguay,South America,co-official with Guaraní,PY,Paraguay,Spanish
Peru,South America,official,PE,Peru,Spanish
Uruguay,South America,official,UY,Uruguay,Spanish
Venezuela,South America,official,VE,Venezuela,Spanish
Islam,Arabic,Liturgical language of Islam,,Islam,Arabic
Algeria,Arabic,official,DZ,Algeria,Arabic
Comoros,Arabic,co-official with French,KM,Comoros,Arabic
Chad,Arabic,co-official with French,TD,Chad,Arabic
Djibouti,Arabic,co-official with French,DJ,Djibouti,Arabic
Egypt,Arabic,official,EG,Egypt,Arabic
Eritrea,Arabic,co-official with Tigrinya,ER,Eritrea,Arabic
Libya,Arabic,official,LY,Libya,Arabic
Mauritania,Arabic,official,MR,Mauritania,Arabic
Morocco,Arabic,co-official with Berber,MA,Morocco,Arabic
Somalia,Arabic,co-official with Somali,SO,Somalia,Arabic
Sudan,Arabic,co-official with English,SD,Sudan,Arabic
Tunisia,Arabic,official,TN,Tunisia,Arabic
Western Sahara,Arabic,co-official with Spanish,EH,Western Sahara,Arabic
Bahrain,Arabic,official,BH,Bahrain,Arabic
Iraq,Arabic,co-official with Kurdish,IQ,Iraq,Arabic
Israel,Arabic,co-official with Hebrew,IL,Israel,Arabic
Jordan,Arabic,official,JO,Jordan,Arabic
Kuwait,Arabic,official,KW,Kuwait,Arabic
Lebanon,Arabic,official,LB,Lebanon,Arabic
Oman,Arabic,official,OM,Oman,Arabic
Palestine,Arabic,official,PS,Palestine,Arabic
Qatar,Arabic,official,QA,Qatar,Arabic
Saudi Arabia,Arabic,official,SA,Saudi Arabia,Arabic
Syria,Arabic,official,SY,Syria,Arabic
United Arab Emirates,Arabic,official,AE,United Arab Emirates,Arabic
Yemen,Arabic,official,YE,Yemen,Arabic
Iran,Arabic,regional,IR,Iran,Arabic
Afghanistan,Arabic,regional/religious,AF,Afghanistan,Arabic
Philippines,Arabic,optional language along with Spanish,PH,Philippines,Arabic
France,Arabic,minority,FR,France,Arabic
Germany,Arabic,minority,DE,Germany,Arabic
Italy,Arabic,minority,IT,Italy,Arabic
Netherlands,Arabic,minority,NL,Netherlands,Arabic
Spain,Arabic,minority,ES,Spain,Arabic
Sweden,Arabic,minority,SE,Sweden,Arabic
Turkey,Arabic,significant minority,TR,Turkey,Arabic
United Kingdom,Arabic,minority,GB,United Kingdom,Arabic
Australia,Arabic,minority,AU,Australia,Arabic
United States,Arabic,significant minority[3],US,United States,Arabic
Canada,Arabic,minority,CA,Canada,Arabic
Argentina,Arabic,"minority, immigrants from Lebanon",AR,Argentina,Arabic
Brazil,Arabic,"minority, see Arab Brazilian",BR,Brazil,Arabic
